source_id,name,source_kind,proof_role,priority,relationship_to_existing,official_entry_url,official_policy_url,license_summary,license_deed_urls,field_coverage,acquisition_route,available_formats,query_or_block_example,rate_and_access_notes,version_pin_policy,pinned_version_this_pass,expected_selection_yield_qualitative,item_exclusions_and_risks,official_evidence_urls,verification_level,checked_date,verification_method,item_admission_status,admitted_item_count_this_pass,existing_platform_or_publisher_context,catalog_match_status,catalog_match_work_identity_keys,catalog_match_problem_ids,novelty_crosscheck_method,rights_admission_gate,candidate_metadata_lexical_match_ids
N001,Documenta Mathematica,journal,reusable_candidate,P2,existing_pool_reverified_route,https://ems.press/journals/dm/read,https://ems.press/journals/dm/submit,当前投稿政策：出版 OA 文章 CC BY 4.0；历史文章仍逐篇核对,"[""https://creativecommons.org/licenses/by/4.0/""]",纯数学全域；代数、几何、拓扑、数论、分析,固定某一卷/期，官网 PDF → DOI/作者链接 → 对应且明确获许可的 arXiv TeX,PDF；原生 TeX 需逐篇查作者存档,从 Read 页面固定一个完整期次，按原顺序枚举,本次未核实专用下载 API 或固定速率；逐卷/逐篇低并发取得，遵守站点条款、robots 和响应头；403/429/明确拒绝时停止或按允许的 Retry-After 等待,实际选文时记录 DOI、出版卷期/日期、论文版本、题面/证明/附录定位、原件 SHA256；DOI 本身不等于字节版本锁定,,研究主结果候选密度可能较高；可用 TeX 和独立命题产率未测,既有ID3406及同文版本不重复计数。作者须向出版社提交 LaTeX，不代表公众可下载该 LaTeX；历史生产平台/版权变化不可一概追溯,"[""https://ems.press/journals/dm/submit"",""https://ems.press/journals/dm""]",official_policy_verified,2026-10-03,official_page_content_read_with_web_tool,not_an_item_admission,0,既有完整题证来源；ID3406 / DOI10.4171/DM/963。这里只复核当前入口与向未收录卷期延伸。,matching_work_groups_observed,"[""doi:10.4171/dm/963""]","[""3406""]",work_identity/source_urls/titles/authors/source_versions plus selected candidate metadata and qualified README; domain aggregate only corroborates platform context,article_or_file_specific_license_required; no blanket reusable_fulltext_claim,"[""3406""]"
N002,EMS Press S2O 其他期刊/年份的逐文 OA 线索,publisher_collection,mixed_article_gate,P3,existing_publisher_expansion,https://ems.press/journals,https://ems.press/info/terms-of-digital-access,S2O 开放内容 CC BY 4.0；开放年份须逐期核实，不把某年公告扩张到全历史或未来,"[""https://creativecommons.org/licenses/by/4.0/""]",数论、几何、拓扑、动力系统、非交换几何、分析、组合代数,逐文许可线索：通过期刊 Read 页面按卷期定位 OA 文章；再找匹配的作者源文件；取得实际版本及文件级授权后才进入题证采集，出版社总政策不是正文批量复用许可,PDF；原生 TeX 需逐篇查作者存档,2025 开放公告只用来选候选年份；采集仍以具体文章许可为准,本次未核实专用下载 API 或固定速率；逐卷/逐篇低并发取得，遵守站点条款、robots 和响应头；403/429/明确拒绝时停止或按允许的 Retry-After 等待,实际选文时记录 DOI、出版卷期/日期、论文版本、题面/证明/附录定位、原件 SHA256；DOI 本身不等于字节版本锁定,,覆盖面宽；许可/原生源交集产率未测,不声称此组合是已获 blanket 授权的可复用全文库。只取明确 CC BY 的当前具体文章；订阅可读/作者可自存均不自动等于第三方再分发许可,"[""https://ems.press/info/terms-of-digital-access"",""https://ems.press/updates/2025-02-05-2025-s2o-announcement""]",official_policy_verified,2026-10-03,official_page_content_read_with_web_tool,not_an_item_admission,0,既有EMS出版社经Documenta进入项目；扩展到其他刊物/年份，不把Documenta重复算新刊。,matching_work_groups_observed,"[""doi:10.4171/dm/963""]","[""3406""]",work_identity/source_urls/titles/authors/source_versions plus selected candidate metadata and qualified README; domain aggregate only corroborates platform context,article_or_file_specific_license_and_version_required; ND discovery_only; no blanket reusable_fulltext_claim,"[""3406""]"
N003,AMS Diamond/Gold 数学期刊逐文许可线索,publisher_collection,mixed_article_gate,P3,publisher_article_lead_not_observed,https://www.ams.org/publications/journals/journalsframework/btran,https://www.ams.org/publications/journals/open-access/open-access-primer.pdf,Diamond/Gold 文章有 CC BY 与 CC BY-NC 选项；最终以文章通知为准,"[""https://creativecommons.org/licenses/by/4.0/"",""https://creativecommons.org/licenses/by-nc/4.0/""]",纯数学全域；Communications of AMS、Transactions AMS Series B、Proceedings AMS Series B,逐文许可线索：官网选卷期 → 文章 PDF/MathViewer → 版权行 → 对应源版本；取得实际版本及文件级授权后才进入题证采集，出版社总政策不是正文批量复用许可,PDF；原生 TeX 需逐篇查作者存档,固定 Transactions AMS Series B 一卷；不把目录条数当题数,本次未核实专用下载 API 或固定速率；逐卷/逐篇低并发取得，遵守站点条款、robots 和响应头；403/429/明确拒绝时停止或按允许的 Retry-After 等待,实际选文时记录 DOI、出版卷期/日期、论文版本、题面/证明/附录定位、原件 SHA256；DOI 本身不等于字节版本锁定,,长研究论文可能有实质结果；短文与直接推论筛损需实测,不声称此组合是已获 blanket 授权的可复用全文库。免费公开五年后的订阅旧文不自动获 CC；NC 单列且不得宣称不限商业用途,"[""https://www.ams.org/publications/journals/open-access/open-access-primer.pdf""]",official_policy_verified,2026-10-03,official_page_content_read_with_web_tool,not_an_item_admission,0,本次作品目录未观察到此AMS期刊家族；这里是出版社组合的逐文许可线索，不是单一新刊或已授权全文库。,not_observed_in_checked_snapshot,[],[],work_identity/source_urls/titles/authors/source_versions plus selected candidate metadata and qualified README; domain aggregate only corroborates platform context,article_or_file_specific_license_and_version_required; ND discovery_only; no blanket reusable_fulltext_claim,[]
N004,SIAM 研究期刊逐文 OA 许可线索,publisher_collection,mixed_article_gate,P3,publisher_article_lead_not_observed,https://epubs.siam.org/,https://epubs.siam.org/journal-authors,OA 可选 CC BY 4.0 或 CC BY-NC-ND 4.0；本项目新 ND 材料只导航,"[""https://creativecommons.org/licenses/by/4.0/"",""https://creativecommons.org/licenses/by-nc-nd/4.0/""]",数值分析、PDE、优化、控制、矩阵分析、科学计算、应用概率,逐文许可线索：按数学方向选具体期刊 OA 卷期；取完整正文/附录和许可，再找对应 TeX；取得实际版本及文件级授权后才进入题证采集，出版社总政策不是正文批量复用许可,PDF；原生 TeX 需逐篇查作者存档,官网 journal browse；只读取标注 OA 且版权行允许改编的文章,本次未核实专用下载 API 或固定速率；逐卷/逐篇低并发取得，遵守站点条款、robots 和响应头；403/429/明确拒绝时停止或按允许的 Retry-After 等待,实际选文时记录 DOI、出版卷期/日期、论文版本、题面/证明/附录定位、原件 SHA256；DOI 本身不等于字节版本锁定,,应用数学补广价值高；许可原件和完整理论证明交集未测,不声称此组合是已获 blanket 授权的可复用全文库。只有数值实验/代码正确运行不构成证明；作者 AAM 可 CC BY 自存的权利不等于所有 AAM 实际如此授权,"[""https://epubs.siam.org/journal-authors""]",official_policy_verified,2026-10-03,official_page_content_read_with_web_tool,not_an_item_admission,0,本次作品目录未观察到SIAM期刊；这里是逐文许可线索，OA标识仍须逐件版权/版本核实。,not_observed_in_checked_snapshot,[],[],work_identity/source_urls/titles/authors/source_versions plus selected candidate metadata and qualified README; domain aggregate only corroborates platform context,article_or_file_specific_license_and_version_required; ND discovery_only; no blanket reusable_fulltext_claim,[]
N005,LMS 合作期刊逐文 OA 许可线索,publisher_collection,mixed_article_gate,P3,publisher_article_lead_not_observed,https://www.lms.ac.uk/publications/journals,https://www.lms.ac.uk/publications/open-access,Gold OA 按作者选择 BY、BY-NC 或 BY-NC-ND 4.0,"[""https://creativecommons.org/licenses/by/4.0/"",""https://creativecommons.org/licenses/by-nc/4.0/"",""https://creativecommons.org/licenses/by-nc-nd/4.0/""]",拓扑、几何、代数、数论、动力系统、非线性分析；Transactions LMS、Moduli 等,逐文许可线索：从官方期刊目录到 Wiley/Cambridge/IOP 文章，核查具体权利与完整证明版本；取得实际版本及文件级授权后才进入题证采集，出版社总政策不是正文批量复用许可,PDF；原生 TeX 需逐篇查作者存档,固定 Transactions LMS 一个卷次；其他合作刊只取具体许可 OA 子集,本次未核实专用下载 API 或固定速率；逐卷/逐篇低并发取得，遵守站点条款、robots 和响应头；403/429/明确拒绝时停止或按允许的 Retry-After 等待,实际选文时记录 DOI、出版卷期/日期、论文版本、题面/证明/附录定位、原件 SHA256；DOI 本身不等于字节版本锁定,,主结果候选较丰富（推断）；可编辑来源和去重后产率未测,不声称此组合是已获 blanket 授权的可复用全文库。Green OA/无 embargo 仅说明存档机会；订阅内容、ND 与无明确许可 AAM 不进入新合格库,"[""https://www.lms.ac.uk/publications/open-access""]",official_policy_verified,2026-10-03,official_page_content_read_with_web_tool,not_an_item_admission,0,本次作品目录未观察到LMS具体合作刊；与既有Cambridge平台可能交叠，不能按两个出版社入口重复计文。,not_observed_in_checked_snapshot,[],[],work_identity/source_urls/titles/authors/source_versions plus selected candidate metadata and qualified README; domain aggregate only corroborates platform context,article_or_file_specific_license_and_version_required; ND discovery_only; no blanket reusable_fulltext_claim,[]
N006,Cambridge Core 数学期刊逐文 OA 扩展线索,publisher_collection,mixed_article_gate,P3,existing_publisher_expansion,https://www.cambridge.org/core/browse-subjects/mathematics/open-access-options-in-mathematics,https://www.cambridge.org/core/journals/forum-of-mathematics-pi/information/journal-policies/open-access-options,Forum Pi 示例政策提供 BY、BY-NC-SA、BY-NC-ND；其他数学刊逐刊/逐篇确认,"[""https://creativecommons.org/licenses/by/4.0/"",""https://creativecommons.org/licenses/by-nc-sa/4.0/"",""https://creativecommons.org/licenses/by-nc-nd/4.0/""]",分析、PDE、动力系统、算术、逻辑、应用数学、计算数学,逐文许可线索：扩展到既有 Forum Sigma 外的数学 OA；官网文章/附录 → 作者对应版本源包；取得实际版本及文件级授权后才进入题证采集，出版社总政策不是正文批量复用许可,PDF；原生 TeX 需逐篇查作者存档,官网数学 OA 导航中按期刊选一整期，而非按漂亮定理搜索,本次未核实专用下载 API 或固定速率；逐卷/逐篇低并发取得，遵守站点条款、robots 和响应头；403/429/明确拒绝时停止或按允许的 Retry-After 等待,实际选文时记录 DOI、出版卷期/日期、论文版本、题面/证明/附录定位、原件 SHA256；DOI 本身不等于字节版本锁定,,数学方向补广强；可复用版本产率未测,不声称此组合是已获 blanket 授权的可复用全文库。Core Share 的只读链接、TDM 许可、购买或机构订阅均不自动授权公开分发完整题证,"[""https://www.cambridge.org/core/journals/forum-of-mathematics-pi/information/journal-policies/open-access-options""]",official_policy_verified,2026-10-03,official_page_content_read_with_web_tool,not_an_item_admission,0,Cambridge已存在Forum of Mathematics Sigma来源；扩展为其他数学刊/方向，不能称新增出版社。,matching_work_groups_observed,"[""doi:10.1017/fms.2024.100"",""doi:10.1017/fms.2024.112"",""doi:10.1017/fms.2024.114"",""doi:10.1017/fms.2024.115"",""doi:10.1017/fms.2024.118"",""doi:10.1017/fms.2024.123"",""doi:10.1017/fms.2024.130"",""doi:10.1017/fms.2024.131"",""doi:10.1017/fms.2024.134"",""doi:10.1017/fms.2024.135"",""doi:10.1017/fms.2024.138"",""doi:10.1017/fms.2024.141"",""doi:10.1017/fms.2024.142"",""doi:10.1017/fms.2024.143"",""doi:10.1017/fms.2024.144"",""doi:10.1017/fms.2024.145"",""doi:10.1017/fms.2024.146"",""doi:10.1017/fms.2024.147"",""doi:10.1017/fms.2024.149"",""doi:10.1017/fms.2024.150"",""doi:10.1017/fms.2024.156"",""doi:10.1017/fms.2024.158"",""doi:10.1017/fms.2024.159"",""doi:10.1017/fms.2024.160"",""doi:10.1017/fms.2024.67"",""doi:10.1017/fms.2024.68"",""doi:10.1017/fms.2024.73"",""doi:10.1017/fms.2024.96"",""doi:10.1017/fms.2025.1"",""doi:10.1017/fms.2025.10036"",""doi:10.1017/fms.2025.10037"",""doi:10.1017/fms.2025.10038"",""doi:10.1017/fms.2025.10041"",""doi:10.1017/fms.2025.10042"",""doi:10.1017/fms.2025.10053"",""doi:10.1017/fms.2025.10054"",""doi:10.1017/fms.2025.10057"",""doi:10.1017/fms.2025.10059"",""doi:10.1017/fms.2025.10060"",""doi:10.1017/fms.2025.10061"",""doi:10.1017/fms.2025.10062"",""doi:10.1017/fms.2025.10063"",""doi:10.1017/fms.2025.10064"",""doi:10.1017/fms.2025.10065"",""doi:10.1017/fms.2025.10066"",""doi:10.1017/fms.2025.10067"",""doi:10.1017/fms.2025.10069"",""doi:10.1017/fms.2025.10070"",""doi:10.1017/fms.2025.10071"",""doi:10.1017/fms.2025.10072"",""doi:10.1017/fms.2025.10073"",""doi:10.1017/fms.2025.10075"",""doi:10.1017/fms.2025.10076"",""doi:10.1017/fms.2025.10077"",""doi:10.1017/fms.2025.10078"",""doi:10.1017/fms.2025.10079"",""doi:10.1017/fms.2025.10080"",""doi:10.1017/fms.2025.10081"",""doi:10.1017/fms.2025.10082"",""doi:10.1017/fms.2025.10083"",""doi:10.1017/fms.2025.10084"",""doi:10.1017/fms.2025.10085"",""doi:10.1017/fms.2025.10087"",""doi:10.1017/fms.2025.10088"",""doi:10.1017/fms.2025.10089"",""doi:10.1017/fms.2025.10090"",""doi:10.1017/fms.2025.10091"",""doi:10.1017/fms.2025.10092"",""doi:10.1017/fms.2025.10093"",""doi:10.1017/fms.2025.10094"",""doi:10.1017/fms.2025.10095"",""doi:10.1017/fms.2025.10096"",""doi:10.1017/fms.2025.10098"",""doi:10.1017/fms.2025.10099"",""doi:10.1017/fms.2025.10101"",""doi:10.1017/fms.2025.10103"",""doi:10.1017/fms.2025.10104"",""doi:10.1017/fms.2025.10105"",""doi:10.1017/fms.2025.10110"",""doi:10.1017/fms.2025.10111"",""doi:10.1017/fms.2025.10112"",""doi:10.1017/fms.2025.16"",""doi:10.1017/fms.2025.17"",""doi:10.1017/fms.2025.18"",""doi:10.1017/fms.2025.19"",""doi:10.1017/fms.2025.20"",""doi:10.1017/fms.2025.22"",""doi:10.1017/fms.2025.24"",""doi:10.1017/fms.2025.25"",""doi:10.1017/fms.2025.29"",""doi:10.1017/fms.2025.3"",""doi:10.1017/fms.2025.32"",""doi:10.1017/fms.2025.36"",""doi:10.1017/fms.2025.38"",""doi:10.1017/fms.2025.39"",""doi:10.1017/fms.2025.4"",""doi:10.1017/fms.2025.42"",""doi:10.1017/fms.2025.45"",""doi:10.1017/fms.2025.46"",""doi:10.1017/fms.2025.47"",""doi:10.1017/fms.2025.49"",""doi:10.1017/fms.2025.7"",""doi:10.1017/fms.2025.9""]","[""2303"",""2304"",""2305"",""2306"",""2307"",""2308"",""2417"",""2418"",""2419"",""2420"",""2421"",""2484"",""2485"",""2486"",""2487"",""2488"",""2489"",""2541"",""2542"",""2543"",""2544"",""2545"",""2546"",""2615"",""2616"",""2617"",""2618"",""2702"",""2703"",""2704"",""2705"",""2706"",""2707"",""2792"",""2793"",""2794"",""2795"",""2796"",""2797"",""2876"",""2877"",""2878"",""2879"",""2880"",""2881"",""2882"",""2883"",""2995"",""2996"",""2997"",""2998"",""2999"",""3000"",""3001"",""3002"",""3003"",""3004"",""3005"",""3043"",""3044"",""3045"",""3046"",""3047"",""3048"",""3049"",""3050"",""3051"",""3052"",""3064"",""3065"",""3066"",""3067"",""3068"",""3069"",""3070"",""3071"",""3072"",""3140"",""3141"",""3142"",""3143"",""3144"",""3145"",""3146"",""3147"",""3148"",""3149"",""3189"",""3190"",""3191"",""3192"",""3193"",""3194"",""3195"",""3196""]",work_identity/source_urls/titles/authors/source_versions plus selected candidate metadata and qualified README; domain aggregate only corroborates platform context,article_or_file_specific_license_and_version_required; ND discovery_only; no blanket reusable_fulltext_claim,"[""2303"",""2304"",""2305"",""2306"",""2307"",""2308"",""2417"",""2418"",""2419"",""2420"",""2421"",""2484"",""2485"",""2486"",""2487"",""2488"",""2489"",""2541"",""2542"",""2543"",""2544"",""2545"",""2546"",""2615"",""2616"",""2617"",""2618"",""2702"",""2703"",""2704"",""2705"",""2706"",""2707"",""2792"",""2793"",""2794"",""2795"",""2796"",""2797"",""2876"",""2877"",""2878"",""2879"",""2880"",""2881"",""2882"",""2883"",""2995"",""2996"",""2997"",""2998"",""2999"",""3000"",""3001"",""3002"",""3003"",""3004"",""3005"",""3043"",""3044"",""3045"",""3046"",""3047"",""3048"",""3049"",""3050"",""3051"",""3052"",""3064"",""3065"",""3066"",""3067"",""3068"",""3069"",""3070"",""3071"",""3072"",""3140"",""3141"",""3142"",""3143"",""3144"",""3145"",""3146"",""3147"",""3148"",""3149"",""3189"",""3190"",""3191"",""3192"",""3193"",""3194"",""3195"",""3196"",""forum-sigma-v13-e147-primary-planar-weighted-p-laplace-dn-uniqueness"",""forum-sigma-v13-e148-primary-wild-krasner-motivic-discriminant-stratum"",""forum-sigma-v13-e157-primary-mirrored-pt-gauge-capacitance-two-real-eigenvalues"",""forum-sigma-v13-e158-primary-dvr-common-kollar-minimizer-model"",""forum-sigma-v13-e163-primary-rowing-graph-smallest-eigenvalue-density"",""forum-sigma-v13-e167-primary-weighted-lp-hypersurface-decoupling"",""forum-sigma-v13-e168-primary-reflective-amt-paired-plane-partition-weighted-identity"",""forum-sigma-v13-e55-theorem-1-10-mixed-block-collectable""]"
N007,Springer Nature 数学期刊逐文 OA 扩展线索,publisher_collection,mixed_article_gate,P3,existing_publisher_expansion,https://link.springer.com/search?query=mathematics,https://support.springernature.com/en/support/solutions/articles/6000273348-what-are-creative-commons-cc-licenses-,当前支持 BY、BY-NC、BY-NC-ND，取决于期刊/文章；不作全出版社许可断言,"[""https://creativecommons.org/licenses/by/4.0/"",""https://creativecommons.org/licenses/by-nc/4.0/"",""https://creativecommons.org/licenses/by-nc-nd/4.0/""]",几何、拓扑、表示论、分析、数学物理、随机过程、应用数学,逐文许可线索：搜索结果只作导航；逐文章 Rights and permissions、PDF 与对应许可源版本复核；取得实际版本及文件级授权后才进入题证采集，出版社总政策不是正文批量复用许可,PDF；原生 TeX 需逐篇查作者存档,https://link.springer.com/search?query=harmonic+analysis；在官网选择 Open access 后逐文审查,本次未核实专用下载 API 或固定速率；逐卷/逐篇低并发取得，遵守站点条款、robots 和响应头；403/429/明确拒绝时停止或按允许的 Retry-After 等待,实际选文时记录 DOI、出版卷期/日期、论文版本、题面/证明/附录定位、原件 SHA256；DOI 本身不等于字节版本锁定,,很宽但许可/源格式筛损可能大；不预估题数,不声称此组合是已获 blanket 授权的可复用全文库。商业专著与无许可作者 PDF 只导航；图表可能另有第三方权利；OA 标签不能代替准确 licence,"[""https://support.springernature.com/en/support/solutions/articles/6000273348-what-are-creative-commons-cc-licenses-"",""https://link.springer.com/article/10.1007/s00031-017-9448-3""]",official_policy_verified,2026-10-03,official_page_content_read_with_web_tool,not_an_item_admission,0,Springer已存在Nachmias开放书 DOI10.1007/978-3-030-27968-4；扩展为数学期刊逐文OA线索。,matching_work_groups_observed,"[""doi:10.1007/978-3-030-27968-4.pdf""]","[""051"",""052"",""053"",""054""]",work_identity/source_urls/titles/authors/source_versions plus selected candidate metadata and qualified README; domain aggregate only corroborates platform context,article_or_file_specific_license_and_version_required; ND discovery_only; no blanket reusable_fulltext_claim,"[""051"",""052"",""053"",""054""]"
N008,Open Journal of Mathematical Optimization,journal,reusable_candidate,P2,venue_lead_not_observed,https://ojmo.centre-mersenne.org/,https://ojmo.centre-mersenne.org/page/policy_en/,所有内容政策为 CC BY 4.0，仍核对附件和第三方材料,"[""https://creativecommons.org/licenses/by/4.0/""]",连续/离散优化、凸分析、整数规划、算法收敛与复杂度,年度卷 → 文章/附录 PDF → 参考版本的原生源；论文和软件许可分开,PDF；原生 TeX 需逐篇查作者存档,固定年度卷，再按原序筛选独立理论命题,本次未核实专用下载 API 或固定速率；逐卷/逐篇低并发取得，遵守站点条款、robots 和响应头；403/429/明确拒绝时停止或按允许的 Retry-After 等待,实际选文时记录 DOI、出版卷期/日期、论文版本、题面/证明/附录定位、原件 SHA256；DOI 本身不等于字节版本锁定,,理论密度可能较高；实验型/应用型结果和短直接推论需淘汰,会议扩展版与会议版语义合并；提供代码用于可复现不代表它替代人类数学证明,"[""https://ojmo.centre-mersenne.org/page/policy_en/""]",official_policy_verified,2026-10-03,official_page_content_read_with_web_tool,not_an_item_admission,0,本次作品目录未观察到此具体刊；Mersenne平台已有JEP/ALCO/AHL/AFST，属于已用平台内的新刊线索，不是新平台。,not_observed_in_checked_snapshot,[],[],work_identity/source_urls/titles/authors/source_versions plus selected candidate metadata and qualified README; domain aggregate only corroborates platform context,article_or_file_specific_license_required; no blanket reusable_fulltext_claim,[]
N009,SMAI Journal of Computational Mathematics,journal,mixed_article_gate,P2,venue_lead_not_observed,https://smai-jcm.centre-mersenne.org/,https://smai-jcm.centre-mersenne.org/page/scope-and-objectives_en/,2022-09 起 BY 4.0；2017-01 至 2022-09 为 BY-NC-ND 3.0；2017 前所有权保留,"[""https://creativecommons.org/licenses/by/4.0/"",""https://creativecommons.org/licenses/by-nc-nd/3.0/""]",数值 PDE、离散/连续算法分析、随机数值方法、误差与稳定性,优先 2022-09 后完整卷/文章；PDF、补充材料与作者源匹配,PDF；原生 TeX 需逐篇查作者存档,从明确 BY4 的后期文章块开始；不整站沿用一个 licence,本次未核实专用下载 API 或固定速率；逐卷/逐篇低并发取得，遵守站点条款、robots 和响应头；403/429/明确拒绝时停止或按允许的 Retry-After 等待,实际选文时记录 DOI、出版卷期/日期、论文版本、题面/证明/附录定位、原件 SHA256；DOI 本身不等于字节版本锁定,,对数值分析补广重要；旧 ND 年份会大量退出可复用池,发表以作者 LaTeX 制作不等于公开源包；日期边界必须以具体文章许可覆盖，ND 不计新合格题,"[""https://smai-jcm.centre-mersenne.org/page/scope-and-objectives_en/"",""https://smai-jcm.centre-mersenne.org/page/submission_en/""]",official_policy_verified,2026-10-03,official_page_content_read_with_web_tool,not_an_item_admission,0,本次作品目录未观察到此具体刊；Mersenne平台已有JEP/ALCO/AHL/AFST，属于已用平台内的新刊线索，不是新平台。,not_observed_in_checked_snapshot,[],[],work_identity/source_urls/titles/authors/source_versions plus selected candidate metadata and qualified README; domain aggregate only corroborates platform context,article_or_file_specific_license_and_version_required; ND discovery_only; no blanket reusable_fulltext_claim,[]
N010,Annals of Representation Theory,journal,mixed_article_gate,P2,venue_lead_not_observed,https://art.centre-mersenne.org/,https://art.centre-mersenne.org/articles/10.5802/art.38/,已核具体研究文章 art.38 显示 CC BY 4.0；全池仍逐篇确认,"[""https://creativecommons.org/licenses/by/4.0/""]",表示论、几何表示、组合表示、有限维代数、quiver,官网卷期 → 具体 DOI 页/PDF → 作者或仓库中对应源版本,PDF；原生 TeX 需逐篇查作者存档,Volume 3 (2026) no.2 原序枚举；art.38 仅作权限例证,本次未核实专用下载 API 或固定速率；逐卷/逐篇低并发取得，遵守站点条款、robots 和响应头；403/429/明确拒绝时停止或按允许的 Retry-After 等待,实际选文时记录 DOI、出版卷期/日期、论文版本、题面/证明/附录定位、原件 SHA256；DOI 本身不等于字节版本锁定,,专题匹配好但新刊池较小；只选独立核心结果,不要把已核一篇推为全历史无例外；本次未证明公开原生 TeX 可取得,"[""https://art.centre-mersenne.org/"",""https://art.centre-mersenne.org/articles/10.5802/art.38/""]",official_article_license_verified,2026-10-03,official_page_content_read_with_web_tool,not_an_item_admission,0,本次作品目录未观察到此具体刊；Mersenne平台已有JEP/ALCO/AHL/AFST，属于已用平台内的新刊线索，不是新平台。,not_observed_in_checked_snapshot,[],[],work_identity/source_urls/titles/authors/source_versions plus selected candidate metadata and qualified README; domain aggregate only corroborates platform context,article_or_file_specific_license_and_version_required; ND discovery_only; no blanket reusable_fulltext_claim,[]
N011,Publications Mathématiques de Besançon,journal,mixed_article_gate,P3,venue_lead_not_observed,https://pmb.centre-mersenne.org/,https://pmb.centre-mersenne.org/page/instructions-aux-auteurs_fr/,作者说明写 CC BY 4.0，但同页亦有出版社版本专属分发措辞；具体文件须确认冲突,"[""https://creativecommons.org/licenses/by/4.0/""]",数论、算术几何、专题研究与研讨材料,官网年度/专题卷 → PDF/文章 notice；对应 arXiv/HAL 源包另核 licence,PDF；原生 TeX 需逐篇查作者存档,先取一个近年专题卷做权限试样；冲突未解不公开正文,本次未核实专用下载 API 或固定速率；逐卷/逐篇低并发取得，遵守站点条款、robots 和响应头；403/429/明确拒绝时停止或按允许的 Retry-After 等待,实际选文时记录 DOI、出版卷期/日期、论文版本、题面/证明/附录定位、原件 SHA256；DOI 本身不等于字节版本锁定,,适合非英语与算术专题补广；许可措辞/证明范围筛损未测,同页权利措辞张力保留，不自行解释成不限分发；没有清晰单件许可则 hold,"[""https://pmb.centre-mersenne.org/page/instructions-aux-auteurs_fr/""]",official_policy_verified,2026-10-03,official_page_content_read_with_web_tool,not_an_item_admission,0,本次作品目录未观察到此具体刊；Mersenne平台已有JEP/ALCO/AHL/AFST，属于已用平台内的新刊线索，不是新平台。,not_observed_in_checked_snapshot,[],[],work_identity/source_urls/titles/authors/source_versions plus selected candidate metadata and qualified README; domain aggregate only corroborates platform context,article_or_file_specific_license_and_version_required; ND discovery_only; no blanket reusable_fulltext_claim,[]
N012,Innovations in Graph Theory,journal,reusable_candidate,P2,venue_lead_not_observed,https://igt.centre-mersenne.org/,https://igt.centre-mersenne.org/page/about-the-journal_en/,默认 CC BY；已核研究文章 igt.7 和 igt.12 为 BY 4.0,"[""https://creativecommons.org/licenses/by/4.0/""]",结构/极值/概率图论、无限图、图算法、matroid、拓扑图论,整卷 → DOI 页面/PDF → 对应 arXiv 源；先从 2024/2025 明确许可研究文开始,PDF；原生 TeX 需逐篇查作者存档,Volume 2 (2025)；igt.7 作许可/长证明路线示例，不是已入库题,本次未核实专用下载 API 或固定速率；逐卷/逐篇低并发取得，遵守站点条款、robots 和响应头；403/429/明确拒绝时停止或按允许的 Retry-After 等待,实际选文时记录 DOI、出版卷期/日期、论文版本、题面/证明/附录定位、原件 SHA256；DOI 本身不等于字节版本锁定,,研究主结果密度可能较高；新刊量有限，不靠题数宣称规模,单页短证也可能深；直接引用结构定理的常规推论仍排除；稿件版本与原刊重复合并,"[""https://igt.centre-mersenne.org/page/about-the-journal_en/"",""https://igt.centre-mersenne.org/articles/10.5802/igt.7/"",""https://igt.centre-mersenne.org/articles/10.5802/igt.12/""]",official_policy_verified,2026-10-03,official_page_content_read_with_web_tool,not_an_item_admission,0,本次作品目录未观察到此具体刊；Mersenne平台已有JEP/ALCO/AHL/AFST，属于已用平台内的新刊线索，不是新平台。,not_observed_in_checked_snapshot,[],[],work_identity/source_urls/titles/authors/source_versions plus selected candidate metadata and qualified README; domain aggregate only corroborates platform context,article_or_file_specific_license_required; no blanket reusable_fulltext_claim,[]
N013,Discrete Mathematics & Theoretical Computer Science,journal,reusable_candidate,P2,venue_lead_not_observed,https://dmtcs.episciences.org/en,https://manager.episciences.org/dmtcs/page/prepare-submission,文章 CC BY；Episciences 官方目录注明 4.0；单件仍核版本,"[""https://creativecommons.org/licenses/by/4.0/""]",组合、离散概率、算法、形式语言、复杂度,官网 volume → 已接受文章 → HAL/arXiv 固定版 → 可用 TeX 源,PDF；原生 TeX 需逐篇查作者存档,固定一卷的 accepted articles，避开仍在审稿条目,本次未核实专用下载 API 或固定速率；逐卷/逐篇低并发取得，遵守站点条款、robots 和响应头；403/429/明确拒绝时停止或按允许的 Retry-After 等待,实际选文时记录 DOI、出版卷期/日期、论文版本、题面/证明/附录定位、原件 SHA256；DOI 本身不等于字节版本锁定,,论文通常可自包含；核心结果而非辅助 lemma 才有望入库,期刊要求作者最终编辑 LaTeX，不保证每文有公开 TeX；旧卷/会议 Proceedings 部分分别核 licence,"[""https://manager.episciences.org/dmtcs/page/prepare-submission"",""https://www.episciences.org/journals/""]",official_policy_verified,2026-10-03,official_page_content_read_with_web_tool,not_an_item_admission,0,本次作品目录未观察到此具体刊；Episciences平台已有LMCS，属于已用平台内的新刊线索，不是新平台。,not_observed_in_checked_snapshot,[],[],work_identity/source_urls/titles/authors/source_versions plus selected candidate metadata and qualified README; domain aggregate only corroborates platform context,article_or_file_specific_license_required; no blanket reusable_fulltext_claim,[]
N014,Communications in Mathematics,journal,reusable_candidate,P2,venue_lead_not_observed,https://cm.episciences.org/,https://cm.episciences.org/page/instructions-for-authors,提交至 arXiv 要求 BY-SA；官方平台目录注明 BY-SA 4.0,"[""https://creativecommons.org/licenses/by-sa/4.0/""]",代数、几何、数学物理、统计、应用数学,官网卷 → 作者上传 arXiv/公开档案的指定最终版 → source download,PDF；原生 TeX 需逐篇查作者存档,通过 Browse volumes 锁定一期；不收仅 abstract 的记录,本次未核实专用下载 API 或固定速率；逐卷/逐篇低并发取得，遵守站点条款、robots 和响应头；403/429/明确拒绝时停止或按允许的 Retry-After 等待,实际选文时记录 DOI、出版卷期/日期、论文版本、题面/证明/附录定位、原件 SHA256；DOI 本身不等于字节版本锁定,,覆盖宽但题级难度分散；产率待试样,BY-SA 改编保留相同许可；平台旧刊迁移前文章不沿用现政策；综述只选实际展开证明,"[""https://cm.episciences.org/page/instructions-for-authors"",""https://www.episciences.org/journals/""]",official_policy_verified,2026-10-03,official_page_content_read_with_web_tool,not_an_item_admission,0,本次作品目录未观察到此具体刊；Episciences平台已有LMCS，属于已用平台内的新刊线索，不是新平台。,not_observed_in_checked_snapshot,[],[],work_identity/source_urls/titles/authors/source_versions plus selected candidate metadata and qualified README; domain aggregate only corroborates platform context,article_or_file_specific_license_required; no blanket reusable_fulltext_claim,[]
N015,Épijournal de Géométrie Algébrique,journal,reusable_candidate,P2,venue_lead_not_observed,https://epiga.episciences.org/,https://epiga.episciences.org/page/a-propos,官网明确 BY-SA；精确版本依单件链接，勿用第三方目录的 BY 覆盖,"[""https://creativecommons.org/licenses/by-sa/4.0/""]",代数/复/算术几何、代数群及表示,期刊文章 → HAL/arXiv 最终版和版本号 → licence + TeX,PDF；原生 TeX 需逐篇查作者存档,按年卷原序筛选，保存 journal 对 archive 版本的关联证据,本次未核实专用下载 API 或固定速率；逐卷/逐篇低并发取得，遵守站点条款、robots 和响应头；403/429/明确拒绝时停止或按允许的 Retry-After 等待,实际选文时记录 DOI、出版卷期/日期、论文版本、题面/证明/附录定位、原件 SHA256；DOI 本身不等于字节版本锁定,,博士专题/研究级主命题机会较好；跨论文重复率待测,HAL 与 arXiv 不同版不自动同许可；主结论与重要局部核心应一起保留,"[""https://epiga.episciences.org/page/a-propos""]",official_policy_verified,2026-10-03,official_page_content_read_with_web_tool,not_an_item_admission,0,本次作品目录未观察到此具体刊；Episciences平台已有LMCS，属于已用平台内的新刊线索，不是新平台。,not_observed_in_checked_snapshot,[],[],work_identity/source_urls/titles/authors/source_versions plus selected candidate metadata and qualified README; domain aggregate only corroborates platform context,article_or_file_specific_license_required; no blanket reusable_fulltext_claim,[]
N016,TheoretiCS,journal,reusable_candidate,P2,venue_lead_not_observed,https://theoretics.episciences.org/,https://theoretics.episciences.org/page/copyright-info,文章 CC BY；官方平台目录注明 BY 4.0；要求准确引用原刊,"[""https://creativecommons.org/licenses/by/4.0/""]",复杂度、算法、逻辑、组合、概率及理论计算,官网完整研究版 → 固定 archive version → TeX/附录,PDF；原生 TeX 需逐篇查作者存档,Browse volumes 固定一个年度；完整长版优先,本次未核实专用下载 API 或固定速率；逐卷/逐篇低并发取得，遵守站点条款、robots 和响应头；403/429/明确拒绝时停止或按允许的 Retry-After 等待,实际选文时记录 DOI、出版卷期/日期、论文版本、题面/证明/附录定位、原件 SHA256；DOI 本身不等于字节版本锁定,,长研究版证明完整性较有利；核心命题独立率待测,会议长/短版本统一语义去重；只见结论或省略核心证明时暂存,"[""https://theoretics.episciences.org/page/copyright-info"",""https://www.episciences.org/journals/""]",official_policy_verified,2026-10-03,official_page_content_read_with_web_tool,not_an_item_admission,0,本次作品目录未观察到此具体刊；Episciences平台已有LMCS，属于已用平台内的新刊线索，不是新平台。,not_observed_in_checked_snapshot,[],[],work_identity/source_urls/titles/authors/source_versions plus selected candidate metadata and qualified README; domain aggregate only corroborates platform context,article_or_file_specific_license_required; no blanket reusable_fulltext_claim,[]
N017,Compositionality,journal,reusable_candidate,P2,venue_lead_not_observed,https://compositionality.episciences.org/,https://compositionality.episciences.org/page/for-authors,每 manuscript 以 CC BY 4.0 发表,"[""https://creativecommons.org/licenses/by/4.0/""]",范畴、逻辑、随机系统、控制与数学物理,arXiv overlay 最终版 → versioned abs/PDF/source；配套论文类文件,PDF；原生 TeX 需逐篇查作者存档,年度卷固定顺序，选核心结构/存在性命题,本次未核实专用下载 API 或固定速率；逐卷/逐篇低并发取得，遵守站点条款、robots 和响应头；403/429/明确拒绝时停止或按允许的 Retry-After 等待,实际选文时记录 DOI、出版卷期/日期、论文版本、题面/证明/附录定位、原件 SHA256；DOI 本身不等于字节版本锁定,,跨应用方向补广价值高；定义展开型结论常被难度门槛筛掉,图式/定义需要上下文；不能把工程建模描述当证明；公开源码需确属论文版本,"[""https://compositionality.episciences.org/page/for-authors""]",official_policy_verified,2026-10-03,official_page_content_read_with_web_tool,not_an_item_admission,0,本次作品目录未观察到此具体刊；Episciences平台已有LMCS，属于已用平台内的新刊线索，不是新平台。,not_observed_in_checked_snapshot,[],[],work_identity/source_urls/titles/authors/source_versions plus selected candidate metadata and qualified README; domain aggregate only corroborates platform context,article_or_file_specific_license_required; no blanket reusable_fulltext_claim,[]
N018,Open Communications in Nonlinear Mathematical Physics,journal,mixed_article_gate,P2,venue_lead_not_observed,https://ocnmp.episciences.org/,https://www.episciences.org/journals/,官方平台目录注明文章 CC BY 4.0；逐文页/PDF进一步确认,"[""https://creativecommons.org/licenses/by/4.0/""]",可积系统、非线性数学物理、微分方程、Painlevé,官网卷 → arXiv/HAL 原已上传文章 → 指定发表版,PDF；原生 TeX 需逐篇查作者存档,固定一个卷；只选择明确有严格完整论证的数学命题,本次未核实专用下载 API 或固定速率；逐卷/逐篇低并发取得，遵守站点条款、robots 和响应头；403/429/明确拒绝时停止或按允许的 Retry-After 等待,实际选文时记录 DOI、出版卷期/日期、论文版本、题面/证明/附录定位、原件 SHA256；DOI 本身不等于字节版本锁定,,数学物理方向有用；显式计算和形式推导需严格筛,For Authors 说明必须已在 arXiv/HAL；不把公开读或格式说明当 licence；新局部证明义务须可定位,"[""https://www.episciences.org/journals/"",""https://ocnmp.episciences.org/page/for-authors""]",official_policy_verified,2026-10-03,official_page_content_read_with_web_tool,not_an_item_admission,0,本次作品目录未观察到此具体刊；Episciences平台已有LMCS，属于已用平台内的新刊线索，不是新平台。,not_observed_in_checked_snapshot,[],[],work_identity/source_urls/titles/authors/source_versions plus selected candidate metadata and qualified README; domain aggregate only corroborates platform context,article_or_file_specific_license_and_version_required; ND discovery_only; no blanket reusable_fulltext_claim,[]
N019,Annals of Formalized Mathematics,journal_and_code_links,mixed_article_gate,P2,venue_lead_not_observed,https://afm.episciences.org/,https://afm.episciences.org/page/publishing-policies,论文 CC BY 4.0；配套 formal artifact 必须 open source，但代码实际 licence 另核,"[""https://creativecommons.org/licenses/by/4.0/""]",形式数学，包含数论、集合论、代数、分析等,论文主要结果必须连到具体代码；以论文 → repo commit/SWHID → code license → build 路线取材,PDF/档案 TeX（逐件）；Lean/其他 prover 原代码（逐仓库）,Borel determinacy / Bruhat–Tits tree 文章作映射入口；不先计入,本次未核实专用下载 API 或固定速率；逐卷/逐篇低并发取得，遵守站点条款、robots 和响应头；403/429/明确拒绝时停止或按允许的 Retry-After 等待,实际选文时记录 DOI、出版卷期/日期、论文版本、题面/证明/附录定位、原件 SHA256；DOI 本身不等于字节版本锁定,,题证与声明映射较清楚；项目规模不能换算独立题数,不是只收 Lean：非 Lean artifact 只作自然语言/TeX 导航；代码开放不等于人类来源已核,"[""https://afm.episciences.org/page/publishing-policies"",""https://afm.episciences.org/page/instructions-for-authors""]",official_policy_verified,2026-10-03,official_page_content_read_with_web_tool,not_an_item_admission,0,本次作品目录未观察到此具体刊；Episciences平台已有LMCS，属于已用平台内的新刊线索，不是新平台。,not_observed_in_checked_snapshot,[],[],work_identity/source_urls/titles/authors/source_versions plus selected candidate metadata and qualified README; domain aggregate only corroborates platform context,article_or_file_specific_license_and_version_required; ND discovery_only; no blanket reusable_fulltext_claim,[]
N020,ENTICS,proceedings,mixed_article_gate,P3,venue_lead_not_observed,https://entics.episciences.org/,https://entics.episciences.org/page/editorial-policy,优先 BY 4.0，亦允许 BY-SA 与 BY-NC-ND；新 ND 不入库,"[""https://creativecommons.org/licenses/by/4.0/"",""https://creativecommons.org/licenses/by-sa/4.0/"",""https://creativecommons.org/licenses/by-nc-nd/4.0/""]",逻辑、理论计算、语义、类型论、形式方法,固定 proceedings 卷 → 每文 licence → arXiv/HAL/Zenodo 完整版,PDF；原生 TeX 需逐篇查作者存档,固定一场会议卷并逐文核声明；无完整证明则追授权长版,本次未核实专用下载 API 或固定速率；逐卷/逐篇低并发取得，遵守站点条款、robots 和响应头；403/429/明确拒绝时停止或按允许的 Retry-After 等待,实际选文时记录 DOI、出版卷期/日期、论文版本、题面/证明/附录定位、原件 SHA256；DOI 本身不等于字节版本锁定,,专题广但短文证明缺失风险高；产率未测,同一 policy 的一般 BY self-archiving 表格不覆盖其明确允许的单件 ND 例外；会议审稿与期刊级不同,"[""https://entics.episciences.org/page/editorial-policy""]",official_policy_verified,2026-10-03,official_page_content_read_with_web_tool,not_an_item_admission,0,本次作品目录未观察到此具体刊；Episciences平台已有LMCS，属于已用平台内的新刊线索，不是新平台。,not_observed_in_checked_snapshot,[],[],work_identity/source_urls/titles/authors/source_versions plus selected candidate metadata and qualified README; domain aggregate only corroborates platform context,article_or_file_specific_license_and_version_required; ND discovery_only; no blanket reusable_fulltext_claim,[]
N021,Quantum,journal,reusable_candidate,P2,venue_lead_not_observed,https://quantum-journal.org/papers/,https://quantum-journal.org/instructions/authors/,发表论文及 arXiv 最终版须 CC BY 4.0,"[""https://creativecommons.org/licenses/by/4.0/""]",量子信息、算子/矩阵分析、概率、复杂度、数学物理,官网 DOI ↔ arXiv 最终版 → licence/PDF/source；补充材料另保存,PDF；原生 TeX 需逐篇查作者存档,固定一个发布日期区间；只取有完整数学证明的理论文章,本次未核实专用下载 API 或固定速率；逐卷/逐篇低并发取得，遵守站点条款、robots 和响应头；403/429/明确拒绝时停止或按允许的 Retry-After 等待,实际选文时记录 DOI、出版卷期/日期、论文版本、题面/证明/附录定位、原件 SHA256；DOI 本身不等于字节版本锁定,,理论论文可能有独立非例行证明；实验与软件展示损耗较高,作者贡献声明包含 AI 使用披露要求；有人类署名不自动证明每段证明为人类原作，须逐文记录,"[""https://quantum-journal.org/instructions/authors/""]",official_policy_verified,2026-10-03,official_page_content_read_with_web_tool,not_an_item_admission,0,本次作品目录未观察到Quantum期刊；不能将旧SIGMA/其他期刊中的quantum主题误判为此刊已采。,not_observed_in_checked_snapshot,[],[],work_identity/source_urls/titles/authors/source_versions plus selected candidate metadata and qualified README; domain aggregate only corroborates platform context,article_or_file_specific_license_required; no blanket reusable_fulltext_claim,[]
N022,Electronic Journal of Statistics,journal,reusable_candidate,P2,venue_lead_not_observed,https://projecteuclid.org/journals/electronic-journal-of-statistics,https://imstat.org/journals-and-publications/electronic-journal-of-statistics/,官方 IMS 政策所有作品 CC BY 4.0,"[""https://creativecommons.org/licenses/by/4.0/""]",统计理论、非参数推断、概率界、渐近论、随机矩阵,IMS 官方 Published Issues → Euclid DOI 页面/PDF/补充证明 → 同版作者 TeX,PDF；原生 TeX 需逐篇查作者存档,固定某卷一个期；完整附录一起取得,本次未核实专用下载 API 或固定速率；逐卷/逐篇低并发取得，遵守站点条款、robots 和响应头；403/429/明确拒绝时停止或按允许的 Retry-After 等待,实际选文时记录 DOI、出版卷期/日期、论文版本、题面/证明/附录定位、原件 SHA256；DOI 本身不等于字节版本锁定,,统计主结果机会好；软件/纯应用论文多数不适合,Euclid 访问失败/拒绝不可绕过；外链 arXiv 长版不自动受刊物 licence；正态渐近等例行推论不填数,"[""https://imstat.org/journals-and-publications/electronic-journal-of-statistics/""]",official_policy_verified,2026-10-03,official_page_content_read_with_web_tool,not_an_item_admission,0,本次作品目录未观察到此具体刊；IMS/Project Euclid已有EJP/ECP，属于已用出版/托管体系内的新刊线索。,not_observed_in_checked_snapshot,[],[],work_identity/source_urls/titles/authors/source_versions plus selected candidate metadata and qualified README; domain aggregate only corroborates platform context,article_or_file_specific_license_required; no blanket reusable_fulltext_claim,[]
N023,Statistics Surveys,journal,reusable_candidate,P2,venue_lead_not_observed,https://imstat.org/journals-and-publications/statistics-surveys/,https://imstat.org/journals-and-publications/statistics-surveys/statistics-surveys-copyright/,CC BY 4.0；再用明确要求 DOI 链接或精确 DOI 引用,"[""https://creativecommons.org/licenses/by/4.0/""]",理论/计算统计综述、随机过程、统计学习,官方已发表 issue → Euclid PDF及所有补充文件 → 对应可用源版,PDF；原生 TeX 需逐篇查作者存档,按卷固定一篇完整综述；逐条区分完整 proof 与 citation only,本次未核实专用下载 API 或固定速率；逐卷/逐篇低并发取得，遵守站点条款、robots 和响应头；403/429/明确拒绝时停止或按允许的 Retry-After 等待,实际选文时记录 DOI、出版卷期/日期、论文版本、题面/证明/附录定位、原件 SHA256；DOI 本身不等于字节版本锁定,,综述含证明比例不确定；适合发现原论文和已展开的专题证明,只陈述或概述别人结果的综述段不能计完整证明；与原论文相同命题只计一次,"[""https://imstat.org/journals-and-publications/statistics-surveys/statistics-surveys-copyright/"",""https://imstat.org/journals-and-publications/statistics-surveys/statistics-surveys-supplement-instructions/""]",official_policy_verified,2026-10-03,official_page_content_read_with_web_tool,not_an_item_admission,0,本次作品目录未观察到此具体刊；IMS/Project Euclid已有EJP/ECP，属于已用出版/托管体系内的新刊线索。,not_observed_in_checked_snapshot,[],[],work_identity/source_urls/titles/authors/source_versions plus selected candidate metadata and qualified README; domain aggregate only corroborates platform context,article_or_file_specific_license_required; no blanket reusable_fulltext_claim,[]
N024,Electronic Journal of Differential Equations（含专著栏目）,journal_and_monographs,reusable_candidate,P1,venue_lead_not_observed,https://ejde.math.txstate.edu/,https://ejde.math.txstate.edu/indexright.html,当前期刊 CC BY 4.0；已核 ejde.2026.01 PDF 首页面 BY4；老专著另核原版权,"[""https://creativecommons.org/licenses/by/4.0/""]",ODE、PDE、积分/泛函微分方程、动力系统、变分法、数学应用,文章 abstract 页直接提供 PDF/TEX 链接；本次核当前样例页和 PDF，不声称 TEX 字节下载/编译成功,PDF；当前样例页面明确提供 TEX 下载链接；老专著逐件核格式,2026 年度卷；样例 DOI 10.58997/ejde.2026.01 的 TEX 链接只作访问路线例证,本次未核实专用下载 API 或固定速率；逐卷/逐篇低并发取得，遵守站点条款、robots 和响应头；403/429/明确拒绝时停止或按允许的 Retry-After 等待,实际选文时记录 DOI、出版卷期/日期、论文版本、题面/证明/附录定位、原件 SHA256；DOI 本身不等于字节版本锁定,,原生 TEX 公共入口特别有利；难度及核心论证仍逐件筛,开放 Navier–Stokes 大问题不计；新论文中的定理不等于全为超资格考试；旧专著原版权不自动由当前刊策改变,"[""https://ejde.math.txstate.edu/indexright.html"",""https://ejde.math.txstate.edu/Volumes/2026/01/abstr.html"",""https://ejde.math.txstate.edu/Volumes/2026/01/khatib.pdf"",""https://ejde.math.txstate.edu/Monographs/mono-toc.html""]",official_policy_verified,2026-10-03,official_page_content_read_with_web_tool,not_an_item_admission,0,本次作品目录未观察到EJDE期刊；新刊入口，旧专著栏目与各具体文件权限独立核查。,not_observed_in_checked_snapshot,[],[],work_identity/source_urls/titles/authors/source_versions plus selected candidate metadata and qualified README; domain aggregate only corroborates platform context,article_or_file_specific_license_required; no blanket reusable_fulltext_claim,[]
N025,Journal of Computational Geometry,journal,reusable_candidate,P2,venue_lead_not_observed,https://jocg.org/,https://jocg.org/index.php/jocg/about/submissions,作者政策所连 licence 为 CC BY 3.0；实际每文仍检查,"[""https://creativecommons.org/licenses/by/3.0/""]",计算几何、离散几何、几何算法与复杂度,卷期/文章页 → PDF/附录 → 对应作者 TeX；官网提供 LaTeX class/template,PDF；作者使用 LaTeX，公开论文源包逐件确认,Archives 固定一个完整期,本次未核实专用下载 API 或固定速率；逐卷/逐篇低并发取得，遵守站点条款、robots 和响应头；403/429/明确拒绝时停止或按允许的 Retry-After 等待,实际选文时记录 DOI、出版卷期/日期、论文版本、题面/证明/附录定位、原件 SHA256；DOI 本身不等于字节版本锁定,,计算几何深结果补广强；模板不是论文源包,会议版/期刊版去重；几何图示和算法核心不得略去；长证明可能在附件,"[""https://jocg.org/index.php/jocg/about/submissions""]",official_policy_verified,2026-10-03,official_page_content_read_with_web_tool,not_an_item_admission,0,本次作品目录未观察到JoCG期刊；新刊入口，作者模板不等于公开论文TeX源包。,not_observed_in_checked_snapshot,[],[],work_identity/source_urls/titles/authors/source_versions plus selected candidate metadata and qualified README; domain aggregate only corroborates platform context,article_or_file_specific_license_required; no blanket reusable_fulltext_claim,[]
N026,mathlib4,formal_library,mixed_article_gate,P2,existing_pool_expansion,https://github.com/leanprover-community/mathlib4,https://github.com/leanprover-community/mathlib4/blob/master/LICENSE,Apache 2.0；文件来源/作者头及 NOTICE（若有）保留,"[""https://www.apache.org/licenses/LICENSE-2.0""]",代数、数论、范畴、几何、拓扑、分析、概率、组合、逻辑,以理论模块/原始人类 PR 为来源块；固定 commit 后取证明源码和依赖,Lean 4 原代码；自动生成 docs 仅导航,从 Mathlib 中选一个研究专题模块，查原始 PR/源文献，避开总 import 文件,本次未核实专用下载 API 或固定速率；逐卷/逐篇低并发取得，遵守站点条款、robots 和响应头；403/429/明确拒绝时停止或按允许的 Retry-After 等待,实际取得后记录完整 commit SHA、选用文件与行/声明名、lean-toolchain、lake-manifest/leanpkg 固定依赖；master/main URL 只作入口，不是版本锁定,,声明数巨大但机械辅助项比例高；独立 H1/H2/H3 产率未知,近期代码可能 AI 参与；人类提交/头作者/编译成功不能替代人类证明来源；移植 bot 必须追原人类 proof，import 包装零计数,"[""https://github.com/leanprover-community/mathlib4/blob/master/LICENSE""]",official_policy_verified,2026-10-03,official_page_content_read_with_web_tool,not_an_item_admission,0,已在原source-plan及Lean试点中规划mathlib；作品目录未观察到已采mathlib题证，不能称已交付Lean来源。,previously_planned_not_observed_as_collected_work,[],[],work_identity/source_urls/titles/authors/source_versions plus selected candidate metadata and qualified README; domain aggregate only corroborates platform context,article_or_file_specific_license_and_version_required; ND discovery_only; no blanket reusable_fulltext_claim,[]
N027,Polynomial Freiman–Ruzsa formalization,human_formal_project_candidate,mixed_article_gate,P2,research_repo_lead_not_observed,https://github.com/teorth/pfr,https://github.com/teorth/pfr/blob/master/LICENSE,Apache 2.0，论文/引用原文本 licence 分开,"[""https://www.apache.org/licenses/LICENSE-2.0""]",加性组合、Shannon 熵、随机变量、群论,README/blueprint → 实际 PFR 证明模块 → 原始 PR/作者 → 固定 commit,Lean 4 + blueprint TeX,按 blueprint 主结果及实质独立核心枚举，不拆 entropy helper,本次未核实专用下载 API 或固定速率；逐卷/逐篇低并发取得，遵守站点条款、robots 和响应头；403/429/明确拒绝时停止或按允许的 Retry-After 等待,实际取得后记录完整 commit SHA、选用文件与行/声明名、lean-toolchain、lake-manifest/leanpkg 固定依赖；master/main URL 只作入口，不是版本锁定,,已完成的 PFR 及部分后续结果可筛；实际独立结果少于源码声明数,README 区分完成部分与仍进行的扩展；PFRPalomar Challenge/比较器空洞不当作证明；包装/等价形式/指数改写语义合并,"[""https://github.com/teorth/pfr"",""https://github.com/teorth/pfr/blob/master/LICENSE"",""https://github.com/teorth/pfr/blob/master/formalization.yaml""]",official_policy_verified,2026-10-03,official_page_content_read_with_web_tool,not_an_item_admission,0,本次作品目录未观察到teorth/pfr仓库；GitHub平台已使用。旧候选3015（DOI10.19086/da.1640）是Lovett–Regev针对强Euclidean PFR变体的反例，与本形式化并非同一主结论；此相关词匹配只提示继续语义去重，不直接合并或计新题。,repository_not_observed_related_topic_candidate_observed,[],[],work_identity/source_urls/titles/authors/source_versions plus selected candidate metadata and qualified README; domain aggregate only corroborates platform context,article_or_file_specific_license_and_version_required; ND discovery_only; no blanket reusable_fulltext_claim,"[""3015""]"
N028,Carleson formalization,human_formal_project_candidate,mixed_article_gate,P2,research_repo_lead_not_observed,https://github.com/fpvandoorn/carleson,https://github.com/fpvandoorn/carleson/blob/master/LICENSE,Apache 2.0，blueprint/paper 原件逐文件确认,"[""https://www.apache.org/licenses/LICENSE-2.0""]",调和分析、度量测度空间、极大算子、Fourier/Walsh 收敛,主结果映射/blueprint → Carleson 实际核心文件 → pin/build/axioms/人类来源,Lean 4 + blueprint/paper TeX,从官网链接的 theorem 1.1.1 等映射追本地核心，保存完整证明包,本次未核实专用下载 API 或固定速率；逐卷/逐篇低并发取得，遵守站点条款、robots 和响应头；403/429/明确拒绝时停止或按允许的 Retry-After 等待,实际取得后记录完整 commit SHA、选用文件与行/声明名、lean-toolchain、lake-manifest/leanpkg 固定依赖；master/main URL 只作入口，不是版本锁定,,高难度核心集中，能提供少数大证明任务；不能细碎切成题海,README 允许 work-in-progress PR 含 sorry；因此当前仓库名和默认 build 并不保证每个路径无 sorry；Challenge/导出 wrapper不计,"[""https://github.com/fpvandoorn/carleson/blob/master/LICENSE""]",official_policy_verified,2026-10-03,official_page_content_read_with_web_tool,not_an_item_admission,0,本次作品目录未观察到该研究仓库；GitHub平台已使用。具体数学结果仍须与非Lean旧题语义去重。,not_observed_in_checked_snapshot,[],[],work_identity/source_urls/titles/authors/source_versions plus selected candidate metadata and qualified README; domain aggregate only corroborates platform context,article_or_file_specific_license_and_version_required; ND discovery_only; no blanket reusable_fulltext_claim,[]
N029,Borel determinacy in Lean,human_formal_project_candidate,mixed_article_gate,P2,research_repo_lead_not_observed,https://github.com/sven-manthe/A-formalization-of-Borel-determinacy-in-Lean,https://github.com/sven-manthe/A-formalization-of-Borel-determinacy-in-Lean,官方作者仓库显示 Apache 2.0 和 LICENSE 文件；实际取得必须保存 pinned LICENSE,"[""https://www.apache.org/licenses/LICENSE-2.0""]",描述集合论、无限博弈、逻辑/基础,AFM/作者论文 → 作者仓库 BorelDet 文件 → exact commit 和 theorem/proof 映射,Lean 4；关联论文 TeX 取决于其档案 licence,仓库 README 列出已上游 PR；借此查作者出处和去重,本次未核实专用下载 API 或固定速率；逐卷/逐篇低并发取得，遵守站点条款、robots 和响应头；403/429/明确拒绝时停止或按允许的 Retry-After 等待,实际取得后记录完整 commit SHA、选用文件与行/声明名、lean-toolchain、lake-manifest/leanpkg 固定依赖；master/main URL 只作入口，不是版本锁定,,核心结果深且可追溯；数量集中，基础定义/游戏封装不计,部分内容已进入 mathlib，跨仓库合并；原 Martin 商业书章不能因 Lean Apache 许可转授权；人类实现历史逐项核,"[""https://github.com/sven-manthe/A-formalization-of-Borel-determinacy-in-Lean"",""https://afm.episciences.org/page/instructions-for-authors""]",official_repository_license_display_verified,2026-10-03,official_page_content_read_with_web_tool,not_an_item_admission,0,本次作品目录未观察到该研究仓库；GitHub平台已使用。具体数学结果仍须与非Lean旧题语义去重。,not_observed_in_checked_snapshot,[],[],work_identity/source_urls/titles/authors/source_versions plus selected candidate metadata and qualified README; domain aggregate only corroborates platform context,article_or_file_specific_license_and_version_required; ND discovery_only; no blanket reusable_fulltext_claim,[]
N030,FLT for regular primes,human_formal_project_candidate,mixed_article_gate,P2,research_repo_lead_not_observed,https://github.com/leanprover-community/flt-regular,https://raw.githubusercontent.com/leanprover-community/flt-regular/master/LICENSE,Apache 2.0,"[""https://www.apache.org/licenses/LICENSE-2.0""]",代数数论、cyclotomic fields、理想/单位、正规素数,主组合声明 → Case I/II 实际核心 → local modules/数学文献 → 固定依赖,Lean 4,从 FltRegular/CaseI 和 CaseII 追完整核心，不从主导出文件直接记题,本次未核实专用下载 API 或固定速率；逐卷/逐篇低并发取得，遵守站点条款、robots 和响应头；403/429/明确拒绝时停止或按允许的 Retry-After 等待,实际取得后记录完整 commit SHA、选用文件与行/声明名、lean-toolchain、lake-manifest/leanpkg 固定依赖；master/main URL 只作入口，不是版本锁定,,高阶数论补广；可入库独立核心产率未知,主 FltRegular.lean 文件已观察主要调用 caseI/caseII，单独 wrapper 不计；须把本地实质核心纳入完整包；本次未 build/axiom audit,"[""https://github.com/leanprover-community/flt-regular"",""https://raw.githubusercontent.com/leanprover-community/flt-regular/master/LICENSE"",""https://github.com/leanprover-community/flt-regular/blob/master/FltRegular/FltRegular.lean""]",official_policy_verified,2026-10-03,official_page_content_read_with_web_tool,not_an_item_admission,0,本次作品目录未观察到该研究仓库；GitHub平台已使用。具体数学结果仍须与非Lean旧题语义去重。,not_observed_in_checked_snapshot,[],[],work_identity/source_urls/titles/authors/source_versions plus selected candidate metadata and qualified README; domain aggregate only corroborates platform context,article_or_file_specific_license_and_version_required; ND discovery_only; no blanket reusable_fulltext_claim,[]
N031,Liquid Tensor Experiment（Lean 3）,human_formal_project_candidate,rights_hold,P4,research_repo_lead_not_observed,https://github.com/leanprover-community/lean-liquid,https://github.com/leanprover-community/lean-liquid,本次 README/根目录/已观察主文件没有核实到通用 licence；不套 mathlib Apache，公开正文再利用待证,[],凝聚数学、同调代数、拓扑向量空间、分析,README说明完整挑战于 2022 完成；先检查整仓文件 licence/作者授权，再选 substantive local proof,Lean 3；blueprint；作者 Analytic notes（另核权利）,许可未清先留链接，不复制至公开题证目录,本次未核实专用下载 API 或固定速率；逐卷/逐篇低并发取得，遵守站点条款、robots 和响应头；403/429/明确拒绝时停止或按允许的 Retry-After 等待,实际取得后记录完整 commit SHA、选用文件与行/声明名、lean-toolchain、lake-manifest/leanpkg 固定依赖；master/main URL 只作入口，不是版本锁定,,数学核心极深但有限；当前权限未证，因此新增合格产率为未建立,src/challenge.lean 与 src/liquid.lean 入口主要汇合既有本地定理；包装不能单独记题；Lean 3 环境需与源码依赖一起固定,"[""https://github.com/leanprover-community/lean-liquid"",""https://raw.githubusercontent.com/leanprover-community/lean-liquid/master/src/challenge.lean"",""https://raw.githubusercontent.com/leanprover-community/lean-liquid/master/src/liquid.lean""]",official_entry_and_proof_mapping_verified_rights_unresolved,2026-10-03,official_page_content_read_with_web_tool,not_an_item_admission,0,本次作品目录未观察到该研究仓库；GitHub平台已使用，且该项目正文再利用权限仍hold。,not_observed_in_checked_snapshot,[],[],work_identity/source_urls/titles/authors/source_versions plus selected candidate metadata and qualified README; domain aggregate only corroborates platform context,article_or_file_specific_license_required; no blanket reusable_fulltext_claim,[]
N032,Open Logic Text,open_monograph,reusable_candidate,P2,existing_pool_expansion,https://openlogicproject.org/download/,https://openlogicproject.org/olp-license/,除另外标明外，文本 CC BY 4.0,"[""https://creativecommons.org/licenses/by/4.0/""]",证明论、模型论、可计算性、集合论、形式逻辑,官方 Download → openlogic/openlogic 原生 LaTeX → 固定 commit；对照同 revision PDF,原生 LaTeX + revision 标识 PDF,高级章节块；保留完整 proof 而不是模块/习题题面计数,本次未核实专用下载 API 或固定速率；逐卷/逐篇低并发取得，遵守站点条款、robots 和响应头；403/429/明确拒绝时停止或按允许的 Retry-After 等待,固定完整 repository commit 与 PDF revision/日期，选章/命题 label、hash 和编译依赖,,高階部分可筛，入门大量低于门槛；练习未有完整解答不收,完整文本的不同选编书共享内容，语义合并；forall x 等入门重排本不填数,"[""https://openlogicproject.org/download/"",""https://openlogicproject.org/olp-license/"",""https://builds.openlogicproject.org/open-logic-complete.pdf""]",official_policy_verified,2026-10-03,official_page_content_read_with_web_tool,not_an_item_admission,0,已有Open Logic全文作品组，IDs077–080；延伸高级章节需与旧题去重。,matching_work_groups_observed,"[""url:https://builds.openlogicproject.org/open-logic-complete.pdf""]","[""077"",""078"",""079"",""080""]",work_identity/source_urls/titles/authors/source_versions plus selected candidate metadata and qualified README; domain aggregate only corroborates platform context,article_or_file_specific_license_required; no blanket reusable_fulltext_claim,"[""077"",""078"",""079"",""080""]"
N033,Jiří Lebl — Tasty Bits of Several Complex Variables,open_monograph,reusable_candidate,P1,existing_pool_expansion,https://www.jirka.org/scv/,https://www.jirka.org/scv/,双许可 BY-SA 4.0 与 BY-NC-SA 4.0 可择其一；选 BY-SA 保留相同许可,"[""https://creativecommons.org/licenses/by-sa/4.0/"",""https://creativecommons.org/licenses/by-nc-sa/4.0/""]",多复变量、复几何、解析集、全纯映射,官方作者页 → github.com/jirilebl/scv release/commit；ca.tex 为主文件，pdflatex/index/glossary,原生 LaTeX + PDF,按高级章节块枚举，保留题证定位；选 released version 或精确 commit,本次未核实专用下载 API 或固定速率；逐卷/逐篇低并发取得，遵守站点条款、robots 和响应头；403/429/明确拒绝时停止或按允许的 Retry-After 等待,git commit/release、ca.tex、版本 PDF/hash、pdflatex/makeindex/makeglossaries 配置,,原生源和许可有利；基础章节低于门槛，高阶仍要逐条判断,不要重复旧 jirka/scv 已收定理；习题没有作者完整解答不收；master 为工作稿须固定 revision,"[""https://www.jirka.org/scv/""]",official_policy_verified,2026-10-03,official_page_content_read_with_web_tool,not_an_item_admission,0,已有Lebl SCV全文作品组，含IDs031/033/058/503–515；复用旧原件/版本映射。,matching_work_groups_observed,"[""url:https://www.jirka.org/scv/scv.pdf""]","[""031"",""033"",""058"",""503"",""504"",""505"",""506"",""507"",""508"",""509"",""510"",""511"",""512"",""513"",""514"",""515""]",work_identity/source_urls/titles/authors/source_versions plus selected candidate metadata and qualified README; domain aggregate only corroborates platform context,article_or_file_specific_license_required; no blanket reusable_fulltext_claim,"[""031"",""033"",""058"",""503"",""504"",""505"",""506"",""507"",""508"",""509"",""510"",""511"",""512"",""513"",""514"",""515"",""scv-v4.4:thm:injective""]"
N034,arXiv 数学及邻接理论类别,repository_and_discovery_api,mixed_version_gate,P2,existing_pool_pipeline_expansion,https://arxiv.org/archive/math,https://info.arxiv.org/help/license/reuse.html,逐版本 CC/CC0 才可能复用；perpetual nonexclusive 不授予公众进一步复用权,"[""https://creativecommons.org/licenses/by/4.0/"",""https://creativecommons.org/licenses/by-sa/4.0/"",""https://creativecommons.org/licenses/by-nc-sa/4.0/"",""https://creativecommons.org/licenses/by-nc-nd/4.0/"",""https://creativecommons.org/publicdomain/zero/1.0/""]",数学全域，并按具体数学内容扩到 stat.TH/cs.DS/cs.CC/cs.LO/cs.LG/quant-ph,metadata API 定候选块 → 精确 abs/id vN 的 licence → PDF/source bundle；source 可能只有 PDF,Atom/OAI metadata；PDF；逐件 source tar/gzip/TeX 或 PDF-only,https://export.arxiv.org/api/query?search_query=cat%3Amath.AP&start=0&max_results=20&sortBy=submittedDate&sortOrder=ascending,API 官方手册建议连续请求间隔 3 秒，小页优先；大 metadata 采用 OAI-PMH；全文批量按官方 bulk 路径及其许可/可能费用，未下载,严格记录 arXiv:idvN、版本日期、licence URL、源包和 PDF hash；同数学命题跨版一个 ID,,规模大，但难度/完整性/许可/TeX交集及重复筛损均未知,API记录数不是题数；论文source存在不等于可公开重用；投稿/revision/发表版/withdrawal/erratum 必须追踪,"[""https://info.arxiv.org/help/license/reuse.html"",""https://info.arxiv.org/help/license/index.html"",""https://info.arxiv.org/help/api/user-manual.html"",""https://info.arxiv.org/help/bulk_data.html""]",official_policy_verified,2026-10-03,official_page_content_read_with_web_tool,not_an_item_admission,0,arXiv已用作许多Discrete Analysis正文版本；扩展检索/许可/源码管线，不称新全文来源。,matching_work_groups_observed,"[""doi:10.19086/da.10234"",""doi:10.19086/da.10793"",""doi:10.19086/da.11002"",""doi:10.19086/da.11089"",""doi:10.19086/da.11151"",""doi:10.19086/da.117029"",""doi:10.19086/da.117131"",""doi:10.19086/da.117573"",""doi:10.19086/da.117575"",""doi:10.19086/da.11886"",""doi:10.19086/da.11887"",""doi:10.19086/da.11888"",""doi:10.19086/da.11949"",""doi:10.19086/da.11963"",""doi:10.19086/da.12058"",""doi:10.19086/da.122971"",""doi:10.19086/da.122973"",""doi:10.19086/da.1242"",""doi:10.19086/da.1244"",""doi:10.19086/da.1245"",""doi:10.19086/da.124610"",""doi:10.19086/da.124611"",""doi:10.19086/da.1254"",""doi:10.19086/da.125449"",""doi:10.19086/da.125450"",""doi:10.19086/da.125855"",""doi:10.19086/da.125856"",""doi:10.19086/da.125858"",""doi:10.19086/da.12649"",""doi:10.19086/da.127570"",""doi:10.19086/da.127578"",""doi:10.19086/da.127737"",""doi:10.19086/da.127776"",""doi:10.19086/da.127777"",""doi:10.19086/da.127778"",""doi:10.19086/da.12935"",""doi:10.19086/da.1294"",""doi:10.19086/da.13688"",""doi:10.19086/da.137601"",""doi:10.19086/da.137798"",""doi:10.19086/da.137968"",""doi:10.19086/da.138190"",""doi:10.19086/da.138191"",""doi:10.19086/da.14164"",""doi:10.19086/da.14165"",""doi:10.19086/da.142094"",""doi:10.19086/da.142095"",""doi:10.19086/da.143410"",""doi:10.19086/da.143426"",""doi:10.19086/da.143451"",""doi:10.19086/da.14351"",""doi:10.19086/da.143787"",""doi:10.19086/da.143788"",""doi:10.19086/da.143808"",""doi:10.19086/da.143834"",""doi:10.19086/da.144015"",""doi:10.19086/da.144040"",""doi:10.19086/da.144131"",""doi:10.19086/da.144860"",""doi:10.19086/da.144893"",""doi:10.19086/da.144894"",""doi:10.19086/da.14492"",""doi:10.19086/da.14507"",""doi:10.19086/da.145175"",""doi:10.19086/da.145176"",""doi:10.19086/da.145198"",""doi:10.19086/da.145807"",""doi:10.19086/da.154329"",""doi:10.19086/da.1639"",""doi:10.19086/da.1640"",""doi:10.19086/da.17109"",""doi:10.19086/da.17290"",""doi:10.19086/da.17354"",""doi:10.19086/da.1749"",""doi:10.19086/da.1832"",""doi:10.19086/da.18361"",""doi:10.19086/da.18559"",""doi:10.19086/da.18560"",""doi:10.19086/da.18561"",""doi:10.19086/da.2012"",""doi:10.19086/da.2071"",""doi:10.19086/da.2103"",""doi:10.19086/da.2105"",""doi:10.19086/da.2106"",""doi:10.19086/da.21472"",""doi:10.19086/da.21473"",""doi:10.19086/da.22056"",""doi:10.19086/da.22058"",""doi:10.19086/da.25316"",""doi:10.19086/da.25317"",""doi:10.19086/da.26859"",""doi:10.19086/da.2730"",""doi:10.19086/da.2733"",""doi:10.19086/da.2750"",""doi:10.19086/da.27994"",""doi:10.19086/da.27995"",""doi:10.19086/da.28122"",""doi:10.19086/da.28143"",""doi:10.19086/da.28173"",""doi:10.19086/da.28243"",""doi:10.19086/da.28324"",""doi:10.19086/da.28336"",""doi:10.19086/da.28814"",""doi:10.19086/da.28877"",""doi:10.19086/da.28933"",""doi:10.19086/da.28985"",""doi:10.19086/da.29048"",""doi:10.19086/da.29067"",""doi:10.19086/da.29452"",""doi:10.19086/da.30071"",""doi:10.19086/da.30186"",""doi:10.19086/da.30707"",""doi:10.19086/da.3103"",""doi:10.19086/da.3104"",""doi:10.19086/da.3108"",""doi:10.19086/da.3113"",""doi:10.19086/da.3118"",""doi:10.19086/da.33167"",""doi:10.19086/da.34691"",""doi:10.19086/da.34692"",""doi:10.19086/da.3555"",""doi:10.19086/da.3659"",""doi:10.19086/da.36647"",""doi:10.19086/da.3668"",""doi:10.19086/da.3675"",""doi:10.19086/da.3682"",""doi:10.19086/da.36901"",""doi:10.19086/da.3699"",""doi:10.19086/da.3733"",""doi:10.19086/da.3734"",""doi:10.19086/da.37645"",""doi:10.19086/da.38090"",""doi:10.19086/da.38091"",""doi:10.19086/da.38586"",""doi:10.19086/da.38587"",""doi:10.19086/da.38590"",""doi:10.19086/da.38591"",""doi:10.19086/da.4375"",""doi:10.19086/da.4438"",""doi:10.19086/da.5056"",""doi:10.19086/da.5098"",""doi:10.19086/da.55552"",""doi:10.19086/da.55554"",""doi:10.19086/da.55555"",""doi:10.19086/da.57602"",""doi:10.19086/da.609"",""doi:10.19086/da.610"",""doi:10.19086/da.611"",""doi:10.19086/da.612"",""doi:10.19086/da.614"",""doi:10.19086/da.6513"",""doi:10.19086/da.6814"",""doi:10.19086/da.732"",""doi:10.19086/da.73322"",""doi:10.19086/da.736"",""doi:10.19086/da.75201"",""doi:10.19086/da.7545"",""doi:10.19086/da.7597"",""doi:10.19086/da.77359"",""doi:10.19086/da.77361"",""doi:10.19086/da.7757"",""doi:10.19086/da.784"",""doi:10.19086/da.7884"",""doi:10.19086/da.81314"",""doi:10.19086/da.8306"",""doi:10.19086/da.83253"",""doi:10.19086/da.84267"",""doi:10.19086/da.845"",""doi:10.19086/da.8471"",""doi:10.19086/da.84736"",""doi:10.19086/da.849"",""doi:10.19086/da.876"",""doi:10.19086/da.87772"",""doi:10.19086/da.87773"",""doi:10.19086/da.8805"",""doi:10.19086/da.8820"",""doi:10.19086/da.88508"",""doi:10.19086/da.8867"",""doi:10.19086/da.90718"",""doi:10.19086/da.9095"",""doi:10.19086/da.91186"",""doi:10.19086/da.91187"",""doi:10.19086/da.913"",""doi:10.19086/da1013"",""doi:10.19086/da990"",""doi:10.23638/lmcs-16(1:1)2020"",""doi:10.23638/lmcs-16(1:2)2020"",""doi:10.23638/lmcs-17(1:1)2021"",""doi:10.23638/lmcs-17(1:10)2021"",""doi:10.23638/lmcs-17(1:18)2021"",""doi:10.23638/lmcs-17(1:20)2021"",""doi:10.23638/lmcs-17(1:21)2021"",""doi:10.23638/lmcs-17(1:22)2021"",""doi:10.23638/lmcs-17(1:23)2021"",""doi:10.23638/lmcs-17(1:6)2021"",""doi:10.23638/lmcs-17(1:7)2021"",""doi:10.23638/lmcs-17(1:8)2021"",""doi:10.23638/lmcs-17(1:9)2021"",""doi:10.23638/lmcs-17(2:1)2021"",""doi:10.23638/lmcs-17(2:12)2021"",""doi:10.23638/lmcs-17(2:14)2021"",""doi:10.23638/lmcs-17(2:20)2021"",""doi:10.23638/lmcs-17(2:22)2021"",""doi:10.23638/lmcs-17(2:3)2021"",""doi:10.23638/lmcs-17(2:5)2021"",""doi:10.23638/lmcs-17(2:9)2021"",""doi:10.46298/lmcs-17(3:1)2021"",""doi:10.46298/lmcs-17(3:10)2021"",""doi:10.46298/lmcs-17(3:16)2021"",""doi:10.46298/lmcs-17(3:18)2021"",""doi:10.46298/lmcs-17(3:19)2021"",""doi:10.46298/lmcs-17(3:2)2021"",""doi:10.46298/lmcs-17(3:20)2021"",""doi:10.46298/lmcs-17(3:21)2021"",""doi:10.46298/lmcs-17(3:22)2021"",""doi:10.46298/lmcs-17(3:23)2021"",""doi:10.46298/lmcs-17(3:24)2021"",""doi:10.46298/lmcs-17(3:26)2021"",""doi:10.46298/lmcs-17(3:28)2021"",""doi:10.46298/lmcs-17(3:5)2021"",""doi:10.46298/lmcs-17(3:7)2021"",""doi:10.46298/lmcs-17(4:10)2021"",""doi:10.46298/lmcs-17(4:12)2021"",""doi:10.46298/lmcs-17(4:15)2021"",""doi:10.46298/lmcs-17(4:17)2021"",""doi:10.46298/lmcs-17(4:18)2021"",""doi:10.46298/lmcs-17(4:20)2021"",""doi:10.46298/lmcs-17(4:23)2021"",""doi:10.46298/lmcs-17(4:25)2021"",""doi:10.46298/lmcs-17(4:3)2021"",""doi:10.46298/lmcs-17(4:7)2021"",""doi:10.46298/lmcs-17(4:9)2021"",""doi:10.46298/lmcs-20(1:1)2024"",""doi:10.46298/lmcs-20(1:13)2024"",""doi:10.46298/lmcs-20(1:14)2024"",""doi:10.46298/lmcs-20(1:19)2024"",""doi:10.46298/lmcs-20(1:20)2024"",""doi:10.46298/lmcs-20(1:3)2024"",""doi:10.46298/lmcs-20(1:5)2024"",""doi:10.46298/lmcs-20(1:6)2024"",""doi:10.46298/lmcs-20(1:8)2024"",""doi:10.46298/lmcs-20(1:9)2024"",""doi:10.46298/lmcs-20(2:1)2024"",""doi:10.46298/lmcs-20(2:11)2024"",""doi:10.46298/lmcs-20(2:14)2024"",""doi:10.46298/lmcs-20(2:17)2024"",""doi:10.46298/lmcs-20(2:3)2024"",""doi:10.46298/lmcs-20(2:4)2024"",""doi:10.46298/lmcs-20(2:6)2024"",""doi:10.46298/lmcs-20(2:7)2024"",""doi:10.46298/lmcs-20(2:8)2024"",""doi:10.46298/lmcs-20(3:10)2024"",""doi:10.46298/lmcs-20(3:15)2024"",""doi:10.46298/lmcs-20(3:16)2024"",""doi:10.46298/lmcs-20(3:19)2024"",""doi:10.46298/lmcs-20(3:2)2024"",""doi:10.46298/lmcs-20(3:20)2024"",""doi:10.46298/lmcs-20(3:21)2024"",""doi:10.46298/lmcs-20(3:22)2024"",""doi:10.46298/lmcs-20(3:23)2024"",""doi:10.46298/lmcs-20(3:24)2024"",""doi:10.46298/lmcs-20(3:27)2024"",""doi:10.46298/lmcs-20(3:3)2024"",""doi:10.46298/lmcs-20(3:6)2024"",""doi:10.46298/lmcs-20(3:9)2024"",""doi:10.46298/lmcs-20(4:1)2024"",""doi:10.46298/lmcs-20(4:11)2024"",""doi:10.46298/lmcs-20(4:12)2024"",""doi:10.46298/lmcs-20(4:16)2024"",""doi:10.46298/lmcs-20(4:19)2024"",""doi:10.46298/lmcs-20(4:23)2024"",""doi:10.46298/lmcs-20(4:25)2024"",""doi:10.46298/lmcs-20(4:3)2024"",""doi:10.46298/lmcs-20(4:7)2024"",""doi:10.46298/lmcs-20(4:8)2024"",""doi:10.46298/lmcs-20(4:9)2024"",""url:https://arxiv.org/pdf/1806.09179v5""]","[""072"",""2445"",""2446"",""2447"",""2448"",""2449"",""2450"",""2451"",""2452"",""2453"",""2454"",""2455"",""2456"",""2457"",""2470"",""2471"",""2472"",""2473"",""2474"",""2475"",""2476"",""2477"",""2478"",""2479"",""2480"",""2481"",""2482"",""2483"",""2495"",""2496"",""2497"",""2498"",""2526"",""2527"",""2528"",""2529"",""2530"",""2531"",""2532"",""2533"",""2534"",""2535"",""2562"",""2563"",""2564"",""2565"",""2566"",""2567"",""2568"",""2569"",""2582"",""2583"",""2584"",""2585"",""2586"",""2587"",""2588"",""2589"",""2609"",""2610"",""2611"",""2612"",""2613"",""2614"",""2651"",""2652"",""2653"",""2654"",""2655"",""2656"",""2657"",""2658"",""2659"",""2660"",""2676"",""2677"",""2678"",""2679"",""2680"",""2681"",""2717"",""2718"",""2719"",""2720"",""2721"",""2722"",""2723"",""2724"",""2725"",""2726"",""2727"",""2728"",""2729"",""2730"",""2731"",""2732"",""2733"",""2734"",""2735"",""2736"",""2737"",""2738"",""2739"",""2740"",""2741"",""2742"",""2743"",""2769"",""2770"",""2771"",""2772"",""2773"",""2774"",""2775"",""2776"",""2777"",""2778"",""2779"",""2780"",""2781"",""2805"",""2806"",""2807"",""2808"",""2809"",""2810"",""2811"",""2812"",""2813"",""2814"",""2815"",""2816"",""2817"",""2823"",""2824"",""2825"",""2826"",""2827"",""2828"",""2829"",""2830"",""2846"",""2847"",""2848"",""2849"",""2850"",""2851"",""2852"",""2853"",""2854"",""2860"",""2861"",""2862"",""2863"",""2864"",""2865"",""2866"",""2867"",""2868"",""2884"",""2885"",""2886"",""2887"",""2888"",""2889"",""2903"",""2904"",""2905"",""2906"",""2907"",""2908"",""2909"",""2910"",""2911"",""2912"",""2913"",""2914"",""2915"",""2922"",""2923"",""2924"",""2925"",""2926"",""2927"",""2928"",""2929"",""2930"",""2931"",""2932"",""2933"",""2959"",""2960"",""2961"",""2962"",""2963"",""2964"",""2965"",""2966"",""2967"",""2968"",""2969"",""2970"",""2971"",""2972"",""2973"",""2974"",""2975"",""2976"",""2977"",""3009"",""3010"",""3011"",""3012"",""3013"",""3014"",""3015"",""3016"",""3017"",""3018"",""3029"",""3030"",""3031"",""3032"",""3033"",""3034"",""3035"",""3036"",""3037"",""3038"",""3039"",""3054"",""3055"",""3056"",""3057"",""3058"",""3059"",""3060"",""3083"",""3084"",""3085"",""3086"",""3087"",""3088"",""3089"",""3090"",""3111"",""3112"",""3113"",""3114"",""3115"",""3116"",""3117"",""3118"",""3119"",""3120"",""3128"",""3129"",""3130"",""3131"",""3132"",""3133"",""3134"",""3135"",""3136"",""3137"",""3138"",""3139"",""3153"",""3154"",""3155"",""3156"",""3157"",""3169"",""3170"",""3203"",""3204"",""3205"",""3206"",""3207"",""3208"",""3209"",""3210"",""3211"",""3212"",""3213""]",work_identity/source_urls/titles/authors/source_versions plus selected candidate metadata and qualified README; domain aggregate only corroborates platform context,article_or_file_specific_license_and_version_required; ND discovery_only; no blanket reusable_fulltext_claim,"[""072"",""2445"",""2446"",""2447"",""2448"",""2449"",""2450"",""2451"",""2452"",""2453"",""2454"",""2455"",""2456"",""2457"",""2470"",""2471"",""2472"",""2473"",""2474"",""2475"",""2476"",""2477"",""2478"",""2479"",""2480"",""2481"",""2482"",""2483"",""2495"",""2496"",""2497"",""2498"",""2526"",""2527"",""2528"",""2529"",""2530"",""2531"",""2532"",""2533"",""2534"",""2535"",""2562"",""2563"",""2564"",""2565"",""2566"",""2567"",""2568"",""2569"",""2582"",""2583"",""2584"",""2585"",""2586"",""2587"",""2588"",""2589"",""2609"",""2610"",""2611"",""2612"",""2613"",""2614"",""2651"",""2652"",""2653"",""2654"",""2655"",""2656"",""2657"",""2658"",""2659"",""2660"",""2676"",""2677"",""2678"",""2679"",""2680"",""2681"",""2717"",""2718"",""2719"",""2720"",""2721"",""2722"",""2723"",""2724"",""2725"",""2726"",""2727"",""2728"",""2729"",""2730"",""2731"",""2732"",""2733"",""2734"",""2735"",""2736"",""2737"",""2738"",""2739"",""2740"",""2741"",""2742"",""2743"",""2769"",""2770"",""2771"",""2772"",""2773"",""2774"",""2775"",""2776"",""2777"",""2778"",""2779"",""2780"",""2781"",""2805"",""2806"",""2807"",""2808"",""2809"",""2810"",""2811"",""2812"",""2813"",""2814"",""2815"",""2816"",""2817"",""2823"",""2824"",""2825"",""2826"",""2827"",""2828"",""2829"",""2830"",""2846"",""2847"",""2848"",""2849"",""2850"",""2851"",""2852"",""2853"",""2854"",""2860"",""2861"",""2862"",""2863"",""2864"",""2865"",""2866"",""2867"",""2868"",""2884"",""2885"",""2886"",""2887"",""2888"",""2889"",""2903"",""2904"",""2905"",""2906"",""2907"",""2908"",""2909"",""2910"",""2911"",""2912"",""2913"",""2914"",""2915"",""2922"",""2923"",""2924"",""2925"",""2926"",""2927"",""2928"",""2929"",""2930"",""2931"",""2932"",""2933"",""2959"",""2960"",""2961"",""2962"",""2963"",""2964"",""2965"",""2966"",""2967"",""2968"",""2969"",""2970"",""2971"",""2972"",""2973"",""2974"",""2975"",""2976"",""2977"",""3009"",""3010"",""3011"",""3012"",""3013"",""3014"",""3015"",""3016"",""3017"",""3018"",""3029"",""3030"",""3031"",""3032"",""3033"",""3034"",""3035"",""3036"",""3037"",""3038"",""3039"",""3054"",""3055"",""3056"",""3057"",""3058"",""3059"",""3060"",""3083"",""3084"",""3085"",""3086"",""3087"",""3088"",""3089"",""3090"",""3111"",""3112"",""3113"",""3114"",""3115"",""3116"",""3117"",""3118"",""3119"",""3120"",""3128"",""3129"",""3130"",""3131"",""3132"",""3133"",""3134"",""3135"",""3136"",""3137"",""3138"",""3139"",""3153"",""3154"",""3155"",""3156"",""3157"",""3169"",""3170"",""3203"",""3204"",""3205"",""3206"",""3207"",""3208"",""3209"",""3210"",""3211"",""3212"",""3213"",""discrete-analysis-2019-05-theorem-3"",""discrete-analysis-2024-08-theorem-1-2"",""lmcs-2020-16-1-1-4-1-Pi-n-plus-one-induction-to-Sigma-n-cyclic-arithmetic"",""lmcs-2020-16-1-2-1-34-Sigma-closed-reflective-subuniverse-stable-orthogonal-factorization""]"
N035,HAL / TEL,repository_and_discovery_api,mixed_version_gate,P3,archive_route_not_observed,https://hal.science/,https://doc.hal.science/aspects-juridiques/conditions-de-reutilisation/,逐文件 reuse 条件；2026-02 起必须标明，不等于全为 CC 或可改编,"[""https://creativecommons.org/licenses/by/4.0/"",""https://creativecommons.org/licenses/by-sa/4.0/"",""https://creativecommons.org/licenses/by-nc/4.0/""]",数学、应用数学、统计、博士论文/专题讲义，多语言,HAL Solr API 搜带 file 的记录 → hal-idvN → 每个主/附文件 licence → 下载可公开文件,JSON/XML/TEI/BibTeX metadata；PDF/作者附件（可能 TeX）,https://api.archives-ouvertes.fr/search/?q=mathematics&fq=submitType_s:file&rows=20&wt=json,官方文档默认30，最大 rows10000；通常不宜超过500/1000，千条以上用cursorMark并sort=docid asc；固定速率本次未建立,hal-idvN、文件级 licence、文件hash、发布日期及版本，不只记录无版本 landing URL,,专题和博士论文补广强；历史无 licence 文件筛损可能高,无 licence 历史文件不公开重用；研究生学位名不保证 H1；附件TeX/扫描件逐件查,"[""https://api.archives-ouvertes.fr/docs/search"",""https://doc.hal.science/aspects-juridiques/conditions-de-reutilisation/""]",official_policy_verified,2026-10-03,official_page_content_read_with_web_tool,not_an_item_admission,0,本次作品目录未观察到HAL/TEL归档路线；这是版本/文件级许可入口，不能以平台元数据授权正文。,not_observed_in_checked_snapshot,[],[],work_identity/source_urls/titles/authors/source_versions plus selected candidate metadata and qualified README; domain aggregate only corroborates platform context,article_or_file_specific_license_and_version_required; ND discovery_only; no blanket reusable_fulltext_claim,[]
N036,Zenodo 数学论文/代码/讲义归档,repository_and_discovery_api,mixed_version_gate,P3,archive_route_not_observed,https://zenodo.org/,https://about.zenodo.org/policies/,metadata CC0（邮箱除外）；每个数据对象按 deposit licence；不是全站正文 CC0,"[""https://creativecommons.org/publicdomain/zero/1.0/""]",所有数学；作者配套 Lean/TeX release、讲义、软件归档,公开 records API 找作者/题名/DOI → version DOI/record → 文件清单/licence → 单件取 source,JSON/OAI metadata；任意附件格式，包括 PDF/TeX/Lean,https://zenodo.org/api/records?q=mathematics&size=20,各endpoint按复杂度/负载不同限制；查看 X-RateLimit-Limit/Remaining/Reset，429退避；本次不注册/创建key,具体 record/version DOI、文件checksum与取得hash；代码还固定commit，concept DOI只作关联,,利于固定版本和复现；自发布证明质量与人类来源筛损未知,concept DOI 不代替 version DOI；closed/embargo/restricted 内容不取得；bundle 中第三方内容许可另查,"[""https://about.zenodo.org/policies/"",""https://developers.zenodo.org/""]",official_policy_verified,2026-10-03,official_page_content_read_with_web_tool,not_an_item_admission,0,本次作品目录未观察到Zenodo归档路线；这是版本/文件级许可入口，不能以平台CC0元数据授权正文。,not_observed_in_checked_snapshot,[],[],work_identity/source_urls/titles/authors/source_versions plus selected candidate metadata and qualified README; domain aggregate only corroborates platform context,article_or_file_specific_license_and_version_required; ND discovery_only; no blanket reusable_fulltext_claim,[]
N037,Crossref REST,discovery_index,discovery_only,P3,discovery_service_not_observed,https://api.crossref.org/,https://www.crossref.org/documentation/retrieve-metadata/rest-api/,大多数 metadata 可任意用；部分 abstracts 仍版权；全文权利由原出处,[],全域 DOI、期刊与出版版关联、license/更新/撤稿线索,按 ISSN/DOI/query 拉小页；许可字段和正文链接只作回源线索,JSON/BibTeX/CSL 等 metadata,https://api.crossref.org/works?query.bibliographic=stochastic+differential+equations&filter=type:journal-article&rows=20,2026-07-21官方再次按请求类型调整限流；不要沿用旧统一速率，运行时读响应header/最新限流文档，缓存、顺序小页、429退避；mailto仅用已获许可联系地址,DOI、metadata读取日期和选文原版hash；不将metadata snapshot当proof版本,,发现/DOI去重价值高；自身提供的合格题证数为零,license缺失不是自由许可；metadata冲突/过时必须到原版确认；引用题名不等于已取得正文,"[""https://www.crossref.org/documentation/retrieve-metadata/rest-api/"",""https://community.crossref.org/t/refining-rest-api-limits-for-improved-stability-and-reliability/16137""]",official_policy_verified,2026-10-03,official_page_content_read_with_web_tool,not_an_item_admission,0,本次作品目录未观察到该元数据服务作为来源字段；新增发现路线不贡献证明题数。,not_observed_in_checked_snapshot,[],[],work_identity/source_urls/titles/authors/source_versions plus selected candidate metadata and qualified README; domain aggregate only corroborates platform context,article_or_file_specific_license_required; no blanket reusable_fulltext_claim,[]
N038,OpenAlex,discovery_index,discovery_only,P3,discovery_service_not_observed,https://openalex.org/,https://help.openalex.org/api/authentication/,OpenAlex metadata CC0；location licence 是具体副本线索，不授权全部全文,"[""https://creativecommons.org/publicdomain/zero/1.0/""]",全域学术图、作者/机构/作品关联、OA副本定位,搜索/过滤 is_oa → DOI/locations → 实际原件；不从abstract/ngram重建证明,JSON metadata；locations指向原件,https://api.openalex.org/works?search=harmonic%20analysis&filter=is_oa:true&per_page=20,2026-08-19当前help：per_page最大100、basic paging10000，更大用cursor；daily budget与100req/s两种限流；按实时headers和最新pricing，未经许可不创建key/付款,OpenAlex work ID/DOI/location/读取日；真正proof另pin source版本和hash,,广域发现有效；真正入库题证必须另取原文,当前help允许keyless基本查询，规模用key/预算；较旧公告/旧GitHub docs可有不同限制；需要key/付费时交给接手人，不保存任何密钥,"[""https://help.openalex.org/api/"",""https://help.openalex.org/api/authentication/"",""https://help.openalex.org/access/sync/"",""https://help.openalex.org/data/licenses/""]",official_policy_verified,2026-10-03,official_page_content_read_with_web_tool,not_an_item_admission,0,本次作品目录未观察到该元数据服务作为来源字段；新增发现路线不贡献证明题数。,not_observed_in_checked_snapshot,[],[],work_identity/source_urls/titles/authors/source_versions plus selected candidate metadata and qualified README; domain aggregate only corroborates platform context,article_or_file_specific_license_required; no blanket reusable_fulltext_claim,[]
N039,zbMATH Open（REST及引用匹配）,discovery_index,discovery_only,P3,discovery_service_not_observed,https://zbmath.org/,https://static.zbmath.org/legal/api-terms-and-conditions.html,许可 API数据 BY-SA4；所能提供的数据不含全部受限制内容；原文章licence另核,"[""https://creativecommons.org/licenses/by-sa/4.0/""]",数学全域、MSC检索、作者消歧、书目和arXiv关联,先读并经操作者接受当前API条款；官方 REST/client schema 或引用匹配定位 DOI/作者原文,JSON metadata/匹配记录；网页书目,https://zbmath.org/citationmatching/match?q=Carleson%20Operators%20on%20Doubling%20Metric%20Measure%20Spaces,API条款要求合理请求速率；本次未建立固定上限，接受条款后依最新schema/header低并发；不盲扫全站,Zbl ID+DOI+matching provenance；proof以原作品version/hash锁定,,数学专门检索价值高；reviews不当完整proof,本次不接受API法律条款；分类只用于找来源，不给题目加学科标签；review或abstract不能替代原文,"[""https://static.zbmath.org/legal/api-terms-and-conditions.html"",""https://github.com/zbMATHOpen/zbRestApiClient"",""https://zbmath.org/static/citation-matching-api.pdf""]",official_policy_verified,2026-10-03,official_page_content_read_with_web_tool,not_an_item_admission,0,本次作品目录未观察到该元数据服务作为来源字段；新增发现路线不贡献证明题数。,not_observed_in_checked_snapshot,[],[],work_identity/source_urls/titles/authors/source_versions plus selected candidate metadata and qualified README; domain aggregate only corroborates platform context,article_or_file_specific_license_required; no blanket reusable_fulltext_claim,[]
N040,DOAJ,discovery_index,discovery_only,P3,discovery_service_not_observed,https://doaj.org/,https://doaj.org/terms/,journal/article metadata CC0；文章正文依实际许可,"[""https://creativecommons.org/publicdomain/zero/1.0/""]",开放数学期刊筛选、出版方与期刊licence线索,官网搜 Mathematics/ISSN，回刊物官方policy和具体文章；API待最新schema检查,metadata CSV/OAI/API（官方政策列明）；正文在原刊,官网期刊检索 Mathematics/具体ISSN；https://doaj.org/api/docs 本次403,本次API文档403；以可访问官网metadata导航，不换路绕过拒绝；具体API rate/schema未确认,DOAJ期刊/文章ID、metadata读取日；原刊version/hash独立保存,,有助找到地区/语言新刊；自身不提供完整题证,API docs 在本次读取403，未绕过且不声称API查询已测试；期刊默认licence可能不覆盖历史或例外,"[""https://doaj.org/terms/"",""https://doaj.org/docs/faq/""]",official_policy_verified,2026-10-03,official_page_content_read_with_web_tool,not_an_item_admission,0,本次作品目录未观察到该元数据服务作为来源字段；新增发现路线不贡献证明题数。,not_observed_in_checked_snapshot,[],[],work_identity/source_urls/titles/authors/source_versions plus selected candidate metadata and qualified README; domain aggregate only corroborates platform context,article_or_file_specific_license_required; no blanket reusable_fulltext_claim,[]
N041,DataCite,discovery_index,discovery_only,P3,discovery_service_not_observed,https://api.datacite.org/,https://support.datacite.org/docs/harvesting-datacite-doi-metadata,metadata CC0；record rightsList只描述关联对象许可,"[""https://creativecommons.org/publicdomain/zero/1.0/""]",Zenodo/repositoryDOI、讲义、源包/软件版本与关系,公开API /dois 查询 → rightsList/relatedIdentifiers/version → 原repository实际文件,JSONAPI/XML metadata,https://api.datacite.org/dois?query=mathematics&page[size]=20,当前官方：未标识500/5min/IP，已标识1000/5min，认证3000/5min；只用公开读接口，429增量退避，运行时复核；本次未发批量查询,具体version DOI/record IDs与relatedIdentifiers；原件另hash,,版本/代码归档发现有用；不提供proof正文,metadata描述可错误；不得把软件仓库licence套至论文；/works旧v1已deprecated,"[""https://support.datacite.org/docs/harvesting-datacite-doi-metadata"",""https://support.datacite.org/docs/api"",""https://support.datacite.org/docs/rate-limit""]",official_policy_verified,2026-10-03,official_page_content_read_with_web_tool,not_an_item_admission,0,本次作品目录未观察到该元数据服务作为来源字段；新增发现路线不贡献证明题数。,not_observed_in_checked_snapshot,[],[],work_identity/source_urls/titles/authors/source_versions plus selected candidate metadata and qualified README; domain aggregate only corroborates platform context,article_or_file_specific_license_required; no blanket reusable_fulltext_claim,[]
N042,GitHub 公共研究仓库发现与版本核对,discovery_and_version_service,discovery_only,P3,existing_platform_pipeline_expansion,https://github.com/,https://docs.github.com/en/rest/using-the-rest-api/rate-limits-for-the-rest-api,平台可读不授予正文/代码再利用；必须查每仓LICENSE和每文件例外,"[""https://www.apache.org/licenses/LICENSE-2.0"",""https://creativecommons.org/licenses/by/4.0/"",""https://creativecommons.org/licenses/by-sa/4.0/""]",作者TeX/人类Lean项目、commit/PR来源、修订与上游去重,公共repo页面/官方commit API → exact SHA → LICENSE/NOTICE/source文件；不上传/登入,Git原生源码、JSON commit/PR metadata,https://api.github.com/repos/teorth/pfr/commits/master（只作先取SHA的接口示例；之后换成完整SHA）,公共读REST未认证60req/hour/IP；search有更严limits与secondary限制；read headers，403/429退避，本次不执行全库clone/build,实际取得后记录完整 commit SHA、选用文件与行/声明名、lean-toolchain、lake-manifest/leanpkg 固定依赖；master/main URL 只作入口，不是版本锁定,,原生TeX/Lean路由非常有用；无licence/AI生成/导入wrapper大量排除,代码搜索等接口可能要求认证；不创建token；同fork/release/移植只计同一数学结果，SWHID可由AFM等官方映射补充,"[""https://docs.github.com/en/rest/using-the-rest-api/rate-limits-for-the-rest-api"",""https://docs.github.com/en/rest/commits/commits"",""https://afm.episciences.org/page/instructions-for-authors""]",official_policy_verified,2026-10-03,official_page_content_read_with_web_tool,not_an_item_admission,0,既有GitHub源码平台，作品组包括HoTT/book、wenweili/AlJabr-2和BenoitDionne/PDE；这里只扩展检索与commit核对。,matching_work_groups_observed,"[""url:https://github.com/BenoitDionne/PDE/blob/b1f909fff8f07a874f57bf8a3935a9cf5051fb3c/elliptic.tex"",""work:hott-book"",""work:wenweili/AlJabr-2""]","[""081"",""083"",""293"",""294"",""295"",""433"",""434"",""435"",""436"",""437"",""438"",""439"",""440"",""441"",""529"",""530"",""531"",""532"",""533"",""534"",""535"",""536"",""537"",""538"",""539"",""540"",""590"",""591"",""592"",""593"",""594"",""595"",""596"",""597"",""598""]",work_identity/source_urls/titles/authors/source_versions plus selected candidate metadata and qualified README; domain aggregate only corroborates platform context,article_or_file_specific_license_required; no blanket reusable_fulltext_claim,"[""081"",""083"",""293"",""294"",""295"",""433"",""434"",""435"",""436"",""437"",""438"",""439"",""440"",""441"",""529"",""530"",""531"",""532"",""533"",""534"",""535"",""536"",""537"",""538"",""539"",""540"",""590"",""591"",""592"",""593"",""594"",""595"",""596"",""597"",""598"",""AlJabr-2/prop:rigid-unit-simple""]"
N043,Contributions to Discrete Mathematics,journal,discovery_only,P4,venue_lead_not_observed,https://cdm.ucalgary.ca/,https://cdm.ucalgary.ca/about/submissions,Volume15 no3起默认 BY-ND（作者可另选CC）；新库仅另选非ND且明确授权的单件,"[""https://creativecommons.org/licenses/by-nd/4.0/""]",离散数学、组合、图论,官网卷/文定位 → 单件licence；默认ND只留书目或找作者独立可复用版本,PDF；原生 TeX 需逐篇查作者存档,先检查单篇是否有作者另选BY/SA；没有则只导航,本次未核实专用下载 API 或固定速率；逐卷/逐篇低并发取得，遵守站点条款、robots 和响应头；403/429/明确拒绝时停止或按允许的 Retry-After 等待,实际选文时记录 DOI、出版卷期/日期、论文版本、题面/证明/附录定位、原件 SHA256；DOI 本身不等于字节版本锁定,,适合补文献线索；默认ND使可改编再分发题证产率较低,当前policy未在所见正文明确默认ND版本，deed URL仅示范ND类别，不断言默认全是4.0；旧篇不套新policy,"[""https://cdm.ucalgary.ca/about/submissions""]",official_policy_verified_default_ND_version_unspecified,2026-10-03,official_page_content_read_with_web_tool,not_an_item_admission,0,本次作品目录未观察到此刊；默认ND只作发现，作者另选许可必须逐件核查。,not_observed_in_checked_snapshot,[],[],work_identity/source_urls/titles/authors/source_versions plus selected candidate metadata and qualified README; domain aggregate only corroborates platform context,article_or_file_specific_license_and_version_required; ND discovery_only; no blanket reusable_fulltext_claim,[]
N044,Journal of Integer Sequences,journal,discovery_only,P4,venue_lead_not_observed,https://cs.uwaterloo.ca/journals/JIS/,https://cs.uwaterloo.ca/journals/JIS/,作者保留copyright，仅给Journal永久免版税出版许可；本次未核到第三方改编/再分发通用许可,[],整数序列、枚举组合、数论,年度目录/论文 → 作者/DOI/arXiv，另找明确许可相同题证版本,PDF；原生 TeX 需逐篇查作者存档,年度卷的高难研究主结果导航；找到可复用授权版才继续,本次未核实专用下载 API 或固定速率；逐卷/逐篇低并发取得，遵守站点条款、robots 和响应头；403/429/明确拒绝时停止或按允许的 Retry-After 等待,实际选文时记录 DOI、出版卷期/日期、论文版本、题面/证明/附录定位、原件 SHA256；DOI 本身不等于字节版本锁定,,主题窄且难度跨度大；版权未清的完整题证不采入,不能把给期刊的发表许可当作给采集者的许可；OEIS关联只是导航，简单恒等式/参数改写不填数,"[""https://cs.uwaterloo.ca/journals/JIS/""]",official_copyright_policy_verified_public_reuse_unresolved,2026-10-03,official_page_content_read_with_web_tool,not_an_item_admission,0,本次作品目录未观察到此刊；第三方公开再利用许可未建立，只作发现。,not_observed_in_checked_snapshot,[],[],work_identity/source_urls/titles/authors/source_versions plus selected candidate metadata and qualified README; domain aggregate only corroborates platform context,article_or_file_specific_license_required; no blanket reusable_fulltext_claim,[]
